Workbook

Sheet START HERE
B1: JCB EDS LAB — MATERIAL DATA
B2: This one file is the whole database. The portal reads it. You edit it like any spreadsheet.
B4: THE ONLY THREE THINGS YOU EVER DO
B5: 1. ADD A NEW MATERIAL → go to the Parts tab, type a new row at the bottom. That is all.
B6: 2. REMOVE A MATERIAL → go to the Parts tab, set Active to No. (Do not delete the row — it keeps the history.)
B7: 3. RECORD STOCK IN / OUT → go to the Movements tab, add a row at the bottom.
B9: WHAT EACH TAB IS FOR
B10: Parts The catalogue. One row per material. You add and retire rows here.
B11: Movements Every receipt and issue, one row each. Only ever ADD rows. Never edit or delete an old one.
B12: LiveStock Calculated automatically. Do not type in it. This is what the portal shows.
B13: Users Who is an Engineer, a Lab Admin, or a Manager. Change a role by changing one word.
B14: Procurement Every PR and PO you raise, with its stage — the portal reads and writes this tab.
... B30: Yellow cells are yours to type in. Grey cells are calculated — leave them alone.

Sheet Parts
A1: PartNo | B1: Description | C1: Category | D1: SubCategory | E1: UOM | F1: Location | G1: Supplier | H1: UnitCost | I1: ReorderRefQty | J1: Active | K1: Notes
A2: MC000RVT1CXX1SQ001 | B2: Revine Tech-1 Sq mm-Cable black | C2: Lab Consumables | D2: Battery Cable | E2: M | G2: REVINE | H2: 12 | I2: 50 | J2: Yes
A3: MC000RVT1CXX1SQ002 | B3: Revine Tech-1 Sq mm-Cable BLUE | C3: Lab Consumables | D3: Battery Cable | E3: M | G3: REVINE | H3: 12 | I3: 50 | J3: Yes
A4: MC000RVT1CXX1SQ003 | B4: Revine Tech-1 Sq mm-Cable RED 1 | C4: Lab Consumables | D4: Battery Cable | E4: M | G4: REVINE | H4: 12 | I4: 50 | J4: Yes
A5: MC000RVT1CXX1SQ004 | B5: Revine Tech-1 Sq mm-Cable | C5: Lab Consumables | D5: Battery Cable | E5: M | G5: REVINE | H5: 12 | I5: 50 | J5: Yes
A6: P_CON_GEN_ASLY_002 | B6: INSULATION TAPE | C6: Lab Consumables | D6: Insulation Tape | E6: NO | F6: UTILITY AREA | G6: ROYAL ENGINEERS AND CONTRACTORS | H6: 10 | I6: 800 | J6: Yes
A7: MC000SWRDTSPXXX001 | B7: Solder Wire-Duratool-SPC22129 | C7: Lab Consumables | D7: Wire | E7: NO | G7: REVINE | I7: 5 | J7: Yes
A8: MC000SFLRVRSXXX001 | B8: Soldering Flux-Revine | C8: Lab Consumables | D8: Soldering Wire | E8: NO | G8: REVINE | H8: 101 | I8: 10 | J8: Yes
A9: MC000IPCFLFLXXX001 | B9: Insulation Pierc Cli-Fluke-FLK-TP82 | C9: Tools | D9: WH Misc | E9: NO | G9: REVINE | H9: 9282 | I9: 2 | J9: Yes
A10: MC000TCNRVSTXXX001 | B10: Terminal Connector-Revine | C10: Wiring Harness Components | D10: Connector | E10: NO | G10: REVINE | H10: 20 | I10: 100 | J10: Yes
A11: MC000RVT1CXX2SQ001 | B11: Revine Tech-1sqmm,2 sqm HST | C11: Lab Consumables | D11: HST | E11: M | G11: REVINE | H11: 13 | I11: 5 | J11: Yes
A12: MC000RVTXXJCXX001 | B12: Revine Tech JUMPER CABLE M TO | C12: Lab Consumables | D12: Battery Cable | E12: M | G12: REVINE | H12: 7 | I12: 100 | J12: Yes
A13: MC000RVTXXJCXX002 | B13: Revine Tech---Jumper Cable- M TO F | C13: Lab Consumables | D13: Battery Cable | E13: M | G13: REVINE | H13: 9 | I13: 100 | J13: Yes
A14: MC000RVTXXJCXX003 | B14: Revine Tech-Jumper Cable--F TO F | C14: Lab Consumables | D14: Battery Cable | E14: M | G14: REVINE | H14: 7 | I14: 100 | J14: Yes
A15: MC000CBLRVXXXXX001 | B15: Cable Label-Revine Tech 240 PCS | C15: Lab Consumables | D15: Battery Cable | E15: NO | G15: REVINE | H15: 1063 | I15: 1 | J15: Yes
A16: M2000A06SC04AA0001 | B16: MISCE STO SCOP BLAC 700 STORAGE BOX | C16: Tools | D16: WH Misc | E16: NO | G16: REVINE | H16: 24000 | I16: 1 | J16: Yes
A17: MC00001A1XXXXX001 | B17: WIRE CLA 0.5 - - WIRE - 0.5 SQ.MM | C17: Lab Consumables | D17: Wire | E17: M | G17: BALAJI EXTRUSIONS & CABLES PVT.LTD | H17: 5.05 | I17: 2000 | J17: Yes
A18: MC00001A2XXXXX001 | B18: WIRE CLA 0.75 - - WIRE - 0.75 SQ.MM | C18: Lab Consumables | D18: Wire | E18: M | G18: BALAJI EXTRUSIONS & CABLES PVT.LTD | H18: 7.53 | I18: 2000 | J18: Yes
A19: MC00001A3XXXXX001 | B19: WIRE CLA 1 SQ - - WIRE - 1 SQ.MM | C19: Lab Consumables | D19: Wire | E19: M | G19: BALAJI EXTRUSIONS & CABLES PVT.LTD | H19: 9.88 | I19: 2000 | J19: Yes
... A27: MC00001B1XXXXX001 | B27: WIRE CLA 8 SQ - - WIRE- 8 SQ.MM | C27: Lab Consumables | D27: Wire | E27: M | G27: BALAJI EXTRUSIONS & CABLES PVT.LTD | H27: 89.06 | I27: 600 | J27: Yes
A28: MC000ACZAUN7IG 9001 | B28: Molex ServiceGrade Hand Crimp Tool for Open Barrel | C28: Tools | D28: WH Misc | E28: NO | G28: RS Components& Controls (I) Ltd. | I28: 2 | J28: Yes
A29: MC000AAOAVO2IH 4001 8 | B29: RS PRO Wire Stripper 0.6mm Min 2.6mm Max 5-1/2 | C29: Tools | D29: Wire | E29: NO | G29: RS Components& Controls (I) Ltd. | I29: 1 | J29: Yes
A30: MC000ADBAFO6XX X001 | B30: Knipex 95 31 Ratchet Cable Cutters | C30: Tools | D30: Battery Cable | E30: NO | G30: RS Components& Controls (I) Ltd. | I30: 1 | J30: Yes
A31: MC000ACZAF07IH7 001 | B31: Knipex PreciForce® Hand Ratcheting Crimp Tool for | C31: Tools | D31: WH Misc | E31: NO | G31: RS Components& Controls (I) Ltd. | I31: 1 | J31: Yes
A32: MC000ADAAFO7IH 8001 | B32: Knipex Crimping Tool 220 mm Overall | C32: Tools | D32: WH Misc | E32: NO | G32: RS Components& Controls (I) Ltd. | I32: 1 | J32: Yes
A33: MC000ACZAWO5X XX001 | B33: Crimp Tool DT Series HD10 Series HD30 Series H | C33: Tools | D33: WH Misc | E33: NO | G33: RS Components& Controls (I) Ltd. | I33: 1 | J33: Yes
A34: P_CON_TOOL_RS_219 | C34: Tools | D34: WH Misc | E34: NO | G34: RS Components& Controls (I) Ltd. | H34: 40900 | I34: 2 | J34: Yes
A35: P_CON_ELCC_GEN_071 | B35: Battery Cable 1C X 16 mm² | C35: Lab Consumables | D35: Battery Cable | E35: NO | F35: EMC CUPBOARD | G35: MOTHERSON SUMI WIRING INDIA ( M274 | H35: 228 | I35: 50 | J35: Yes
A36: P_CON_ELCC_GEN_072 | B36: Battery Cable 1 C X 35 mm² | C36: Lab Consumables | D36: Battery Cable | E36: NO | F36: EMC CUPBOARD | G36: MOTHERSON SUMI WIRING INDIA ( M274 | H36: 532 | I36: 50 | J36: Yes
A37: P_CON_ELCC_GEN_073 | B37: Battery Cable 1 C X 70 mm² | C37: Lab Consumables | D37: Battery Cable | E37: NO | F37: EMC CUPBOARD | G37: MOTHERSON SUMI WIRING INDIA ( M274 | H37: 975 | I37: 50 | J37: Yes
A38: 0010 P_SER_ITSE_AMC_035-SOFTWARE AMC | B38: Renewal Acrobat Pro | C38: Miscellaneous | D38: WH Misc | E38: AU | G38: Sujata Computers Pvt Ltd ( SP0303 | H38: 39000 | I38: 1 | J38: Yes
A39: P_C_CD/2024/006_01 | B39: SEFRAM7204 6000cts handheld digital MM | C39: Tools | D39: WH Misc | E39: NO | G39: RS Components& Controls (I) Ltd. | H39: 12910 | I39: 3 | J39: Yes
A40: P_C_CD/2024/005_01 | B40: Regulated DC Power Supply RL 03203 | C40: Tools | D40: WH Misc | E40: NO | G40: MOGLI LABS INDIA PVT LTD | H40: 47700 | I40: 2 | J40: Yes
A41: 7208/0024 | B41: OUNTERWEIGHT 35E 4WD PAI | C41: Lab Consumables | D41: WH Misc | E41: NO | G41: MOTHERSON SUMI WIRING INDIA ( M274 | H41: 1598 | I41: 50 | J41: Yes
A42: 7208/0023 | B42: OUNTERWEIGHT 35E 4WD PAI | C42: Lab Consumables | D42: WH Misc | E42: NO | G42: MOTHERSON SUMI WIRING INDIA ( M274 | H42: 1598 | I42: 50 | J42: Yes
A43: 7254/1006 | B43: G/Y Trirated 10MM | C43: Lab Consumables | D43: WH Misc | E43: NO | G43: MOTHERSON SUMI WIRING INDIA ( M274 | H43: 278 | I43: 50 | J43: Yes
A44: 7254/0406 | B44: 4 MM SQ. CABLE TRI -RATED CK GR-YE | C44: Lab Consumables | D44: Battery Cable | E44: NO | G44: MOTHERSON SUMI WIRING INDIA ( M274 | H44: 104 | I44: 50 | J44: Yes
A45: 7241/0065 | B45: FUSEHOLDER FIXING PLATE | C45: Lab Consumables | D45: Fuse | E45: NO | G45: MOTHERSON SUMI WIRING INDIA ( M274 | H45: 30.54 | I45: 50 | J45: Yes
A46: 7000/3217 | B46: HEATSHRINK SLEEVE PLAIN Rev.Lel.-01 | C46: Lab Consumables | D46: HST | E46: NO | G46: MOTHERSON SUMI WIRING INDIA ( M274 | H46: 173.4 | I46: 50 | J46: Yes
A47: 717/20129 | B47: TERMINAL BOOT | C47: Lab Consumables | D47: Terminal | E47: NO | G47: MOTHERSON SUMI WIRING INDIA ( M274 | H47: 72.26 | I47: 50 | J47: Yes
A48: 7243/0311 | B48: SE RUBBER BOOT CABLE O.D | C48: Lab Consumables | D48: Battery Cable | E48: NO | G48: MOTHERSON SUMI WIRING INDIA ( M274 | H48: 304.07 | I48: 50 | J48: Yes
A49: 7243/0305 | B49: RUBBER CAP FOR M10&M12 RI Rev.Lel.-01 | C49: Lab Consumables | D49: WH Misc | E49: NO | F49: L-17 | G49: MOTHERSON SUMI WIRING INDIA ( M274 | H49: 27.84 | I49: 50 | J49: Yes
A50: 332/S1020 | B50: BOLT AND WASHER 1/4UNC Rev.Lel.-01 | C50: Lab Consumables | D50: WH Misc | E50: NO | G50: MOTHERSON SUMI WIRING INDIA ( M274 | H50: 30.85 | I50: 50 | J50: Yes
A51: 401/U6865 | B51: RUBBER CAP FOR M10 TERMINAL | C51: Lab Consumables | D51: Terminal | E51: NO | G51: MOTHERSON SUMI WIRING INDIA ( M274 | H51: 7.88 | I51: 50 | J51: Yes
A52: 7243/0530 | B52: Alternator term cover (+ve) RED | C52: Lab Consumables | D52: WH Misc | E52: NO | G52: MOTHERSON SUMI WIRING INDIA ( M274 | H52: 10.02 | I52: 50 | J52: Yes
A53: 7000/3207 | B53: SPLIT CONDUIT TUBING NC | C53: Lab Consumables | D53: WH Misc | E53: M | G53: MOTHERSON SUMI WIRING INDIA ( M274 | H53: 6.23 | I53: 100 | J53: Yes
A54: 7205/1000 | B54: 10.0MM2 BROWN BOOTLACE FE Rev.Lel.-02 | C54: Lab Consumables | D54: WH Misc | E54: NO | G54: MOTHERSON SUMI WIRING INDIA ( M274 | H54: 13.44 | I54: 50 | J54: Yes
A55: 7207/2054 | B55: RING TERMINAL M10 10.0-16 mmsq | C55: Lab Consumables | D55: Terminal | E55: NO | G55: MOTHERSON SUMI WIRING INDIA ( M274 | H55: 12.15 | I55: 50 | J55: Yes
A56: 7207/1502 | B56: RING TERMINAL M10 4.0-6.0 | C56: Lab Consumables | D56: Terminal | E56: NO | G56: MOTHERSON SUMI WIRING INDIA ( M274 | H56: 19.83 | I56: 50 | J56: Yes
A57: 7205/0250 | B57: 2.5MM2 Grey Bootlace ferrule Rev.Lel.-01 | C57: Lab Consumables | D57: Ferrule | E57: NO | G57: MOTHERSON SUMI WIRING INDIA ( M274 | H57: 3.9 | I57: 50 | J57: Yes
A58: 7207/1501 | B58: 10.7MM RING TERMINAL (1.0-2.5 CSA) Rev.Lel.-03 | C58: Lab Consumables | D58: Terminal | E58: NO | G58: MOTHERSON SUMI WIRING INDIA ( M274 | H58: 13.44 | I58: 50 | J58: Yes
A59: 7208/1079 | B59: 12 WAY DT04 PIN HOUSING Rev.Lel.-03 | C59: Lab Consumables | D59: WH Misc | E59: NO | G59: MOTHERSON SUMI WIRING INDIA ( M274 | H59: 319.54 | I59: 50 | J59: Yes
A60: 7207/1304 | B60: Ring Cable Lug M6 16-25-Rev.Lel.-01 | C60: Lab Consumables | D60: Battery Cable | E60: NO | G60: MOTHERSON SUMI WIRING INDIA ( M274 | H60: 78.9 | I60: 50 | J60: Yes
A61: 7207/1405 | B61: RING LUG TERMINAL M8 16.0-25.0 | C61: Lab Consumables | D61: Terminal | E61: NO | G61: MOTHERSON SUMI WIRING INDIA ( M274 | H61: 80.4 | I61: 50 | J61: Yes
... A76: 7207/1406 | B76: ING LUG TERMINAL M8 25-35 | C76: Lab Consumables | D76: Terminal | E76: NO | G76: MOTHERSON SUMI WIRING INDIA ( M274 | H76: 97.5 | I76: 50 | J76: Yes
A77: 7238/0002 | B77: 8 Way MDK3 Radio Speaker Fem Hsg | C77: Lab Consumables | D77: WH Misc | E77: NO | F77: L-3 | G77: MOTHERSON SUMI WIRING INDIA ( M274 | H77: 44.1 | I77: 20 | J77: Yes
A78: 7238/0003 | B78: 8 Way MDK3 Radio Power Fem Hsg | C78: Lab Consumables | D78: WH Misc | E78: NO | F78: L-2 | G78: MOTHERSON SUMI WIRING INDIA ( M274 | H78: 44.1 | I78: 25 | J78: Yes
A79: 7214/0002 | B79: 4 WAY HW090 MALE HSG | C79: Lab Consumables | D79: WH Misc | E79: NO | F79: L-9 | G79: MOTHERSON SUMI WIRING INDIA ( M274 | H79: 14.38 | I79: 14 | J79: Yes
A80: 7216/0001 | B80: 6 Way HW090 Socket Housing | C80: Lab Consumables | D80: WH Misc | E80: NO | F80: L-15 | G80: MOTHERSON SUMI WIRING INDIA ( M274 | H80: 35.27 | I80: 19 | J80: Yes
A81: 7216/0002 | B81: 6 Way HW090 Pin Housing | C81: Lab Consumables | D81: WH Misc | E81: NO | F81: L-2 | G81: MOTHERSON SUMI WIRING INDIA ( M274 | H81: 25.93 | I81: 19 | J81: Yes
A82: 7211/0026 | B82: 1 WAY TS312 FEM HSG SEALED -Rev.Lel.-01 | C82: Lab Consumables | D82: Wire Seal | E82: NO | F82: BIN -6-04 | G82: MOTHERSON SUMI WIRING INDIA ( M274 | H82: 42.09 | I82: 14 | J82: Yes
A83: 7243/0282 | B83: Adaptor 6 Way TYCO GET064Frankische | C83: Lab Consumables | D83: WH Misc | E83: NO | F83: L-12 | G83: MOTHERSON SUMI WIRING INDIA ( M274 | H83: 29.04 | I83: 7 | J83: Yes
A84: 7243/0383 | B84: HDP Size 24 L017 Straight Adapter NC20/28 | C84: Lab Consumables | D84: WH Misc | E84: NO | F84: L-15 | G84: MOTHERSON SUMI WIRING INDIA ( M274 | H84: 288.84 | I84: 10 | J84: Yes
A85: 7243/0318 | B85: HDP Size 18 L017 Straight Adapter NC16/20 | C85: Lab Consumables | D85: WH Misc | E85: NO | F85: L-12 | G85: MOTHERSON SUMI WIRING INDIA ( M274 | H85: 271.33 | I85: 10 | J85: Yes
A86: 7243/0323 | B86: HDP Size 24 L017 Elbow Adapter NC20/32 | C86: Lab Consumables | D86: WH Misc | E86: NO | F86: EMC-06 | G86: MOTHERSON SUMI WIRING INDIA ( M274 | H86: 262.13 | I86: 17 | J86: Yes
A87: 7243/0273 | B87: 1 | C87: Lab Consumables | D87: WH Misc | E87: NO | F87: L-12 | G87: MOTHERSON SUMI WIRING INDIA ( M274 | H87: 19.36 | I87: 14 | J87: Yes
A88: 7212/0179 | B88: 2W AMPSEAL16 SLD SKT CONN KEY A RED | C88: Lab Consumables | D88: Wire Seal | E88: NO | F88: L-12 | G88: TE CONNECTIVITY | H88: 71.48 | I88: 10 | J88: Yes
... A99: 7219/0157 | B99: 12 Way DL 090 Male Sealed | C99: Lab Consumables | D99: Wire Seal | E99: NO | F99: L-12 | G99: MOTHERSON SUMI WIRING INDIA ( M274 | H99: 39.69 | I99: 7 | J99: Yes
A100: 7219/0109 | B100: 12 Way DL 090 Fem Sealed | C100: Lab Consumables | D100: Wire Seal | E100: NO | G100: MOTHERSON SUMI WIRING INDIA ( M274 | H100: 68.92 | I100: 7 | J100: Yes
A101: 7212/0113 | B101: 2 WAY 2.8 SSC FEM HSG | C101: Lab Consumables | D101: WH Misc | E101: NO | F101: M-4 | G101: TE CONNECTIVITY | H101: 27.15 | I101: 25 | J101: Yes
A102: 7213/0080 | B102: 3 Way HPSL FEM HSG Brown | C102: Lab Consumables | D102: WH Misc | E102: NO | F102: D2-2 | G102: TE CONNECTIVITY | H102: 115.31 | I102: 10 | J102: Yes
A103: 7214/0034 | B103: 4 Way DTP06 Socket Housing | C103: Lab Consumables | D103: WH Misc | E103: NO | F103: EMC-05 | G103: MOTHERSON SUMI WIRING INDIA ( M274 | H103: 240.7 | I103: 10 | J103: Yes
A104: 7218/0087 | B104: 8 WAY MX150 HYBRID SKT HS | C104: Lab Consumables | D104: WH Misc | E104: NO | F104: L-5 | G104: MOTHERSON SUMI WIRING INDIA ( M274 | H104: 132.74 | I104: 7 | J104: Yes
A105: 7212/0002 | B105: 2 Way HW090 Pin Housing | C105: Lab Consumables | D105: WH Misc | E105: NO | F105: D2-2 | G105: MOTHERSON SUMI WIRING INDIA ( M274 | H105: 10.77 | I105: 27 | J105: Yes
A106: 7219/0272 | B106: 47 Way HDP free skt housing L017 | C106: Lab Consumables | D106: WH Misc | E106: NO | F106: EMC-05 | G106: TE CONNECTIVITY | H106: 1365.78 | I106: 15 | J106: Yes
A107: 7210/0052 | B107: Cavity Plug DT 20 Red | C107: Lab Consumables | D107: Cavity Plug | E107: NO | F107: seal box | G107: TE CONNECTIVITY | H107: 4.38 | I107: 150 | J107: Yes
A108: 7243/0784 | B108: BOOT HD30 180 DEG -Rev.Lel.-01 | C108: Lab Consumables | D108: WH Misc | E108: NO | F108: BIN-3-07 | G108: MOTHERSON SUMI WIRING INDIA ( M274 | H108: 88.98 | I108: 2 | J108: Yes
A109: 7213/0024 | B109: 3 Way Superseal Recept Housing | C109: Lab Consumables | D109: Wire Seal | E109: NO | F109: D2-1 | G109: MOTHERSON SUMI WIRING INDIA ( M274 | H109: 22.19 | I109: 10 | J109: Yes
A110: 7216/0029 | B110: 6 WAY SUPERSEAL RECEPT HOUSING | C110: Lab Consumables | D110: Wire Seal | E110: NO | F110: L-15 | G110: MOTHERSON SUMI WIRING INDIA ( M274 | H110: 70.62 | I110: 10 | J110: Yes
A111: 7201/0095 | B111: 0.30-0.50mm² Socket Terminal Superseal | C111: Lab Consumables | D111: Terminal | E111: NO | F111: L-7 | G111: MOTHERSON SUMI WIRING INDIA ( M274 | H111: 2.96 | I111: 100 | J111: Yes
A112: 7219/0040 | B112: Housing pin9 way Deutsch | C112: Lab Consumables | D112: WH Misc | E112: NO | G112: MOTHERSON SUMI WIRING INDIA ( M274 | H112: 560.27 | I112: 3 | J112: Yes
A113: 7204/0028 | B113: 0.75-2.0 DT Size 16 Pin Term Nickel OD 1.91-3.56 | C113: Lab Consumables | D113: WH Misc | E113: NO | F113: L-8 | G113: TE CONNECTIVITY | H113: 8.96 | I113: 100 | J113: Yes
A114: 7243/0643 | B114: HD10 BACKSHELL SIZE 9 | C114: Lab Consumables | D114: Backshell | E114: NO | G114: MOTHERSON SUMI WIRING INDIA ( M274 | H114: 426.28 | I114: 5 | J114: Yes
A115: 7204/0029 | B115: 0.50-1.50 DT Size 20 Socket Terminal Nickel | C115: Lab Consumables | D115: Terminal | E115: NO | F115: L-7 | G115: TE CONNECTIVITY | H115: 10.21 | I115: 150 | J115: Yes
A116: 7210/0030 | B116: CAVITY PLUG DEUTSCH 12-16 -Rev.Lel.-02 | C116: Lab Consumables | D116: Cavity Plug | E116: NO | F116: L-18 | G116: MOTHERSON SUMI WIRING INDIA ( M274 | H116: 2.94 | I116: 200 | J116: Yes
A117: 727/00002 | B117: 3 Way DT04 CAN Terminating Resistor J1939/11 | C117: Lab Consumables | D117: Resistor | E117: NO | F117: EMC-06 | G117: TE CONNECTIVITY | H117: 254.86 | I117: 14 | J117: Yes
A118: 7243/0002 | B118: 2 WAY DT90 Deg Adaptor NC08 | C118: Lab Consumables | D118: WH Misc | E118: NO | F118: L-18 | G118: MOTHERSON SUMI WIRING INDIA ( M274 | H118: 46.29 | I118: 14 | J118: Yes
A119: 7243/0202 | B119: 2 Way DT06 Adapter 90 Deg NC08 | C119: Lab Consumables | D119: WH Misc | E119: NO | G119: MOTHERSON SUMI WIRING INDIA ( M274 | H119: 113.07 | I119: 7 | J119: Yes
A120: 7243/0203 | B120: 2 Way DT06 Adapter 90 Deg NC8-NC12 | C120: Lab Consumables | D120: WH Misc | E120: NO | F120: L-18 | G120: MOTHERSON SUMI WIRING INDIA ( M274 | H120: 82.59 | I120: 7 | J120: Yes
A121: 7212/0013 | B121: 2 Way Junior Power Timer Housing | C121: Lab Consumables | D121: WH Misc | E121: NO | F121: L-1 | G121: TE CONNECTIVITY | H121: 28.11 | I121: 27 | J121: Yes
A122: 7232/0024 | B122: 2WAY UNSEALED FEM HSG H F/L305-2PF | C122: Lab Consumables | D122: Wire Seal | E122: NO | G122: MOTHERSON SUMI WIRING INDIA ( M274 | H122: 4 | I122: 7 | J122: Yes
A123: 7213/0015 | B123: 3 WAY DT06 SOC HSG NO END CAP | C123: Lab Consumables | D123: WH Misc | E123: NO | F123: S-1 | G123: TE CONNECTIVITY | H123: 59.81 | I123: 34 | J123: Yes
A124: 7219/0098 | B124: Housing 9 Way Male Jam Nut Diagnostic | C124: Lab Consumables | D124: WH Misc | E124: NO | F124: L-5 | G124: MOTHERSON SUMI WIRING INDIA ( M274 | H124: 516.81 | I124: 7 | J124: Yes
A125: 332/C8190 | B125: 20 WAY MX15 SOCKET HOUSING BLACK | C125: Lab Consumables | D125: WH Misc | E125: NO | F125: BIN-7-04 | G125: MOTHERSON SUMI WIRING INDIA ( M274 | H125: 128.94 | I125: 7 | J125: Yes
A126: 7214/0001 | B126: 4 Way HW090 Socket Housing | C126: Lab Consumables | D126: WH Misc | E126: NO | F126: L-2 | G126: MOTHERSON SUMI WIRING INDIA ( M274 | H126: 19.34 | I126: 21 | J126: Yes
A127: 7216/0059 | B127: 6Way Metripack | C127: Lab Consumables | D127: WH Misc | E127: NO | G127: MOTHERSON SUMI WIRING INDIA ( M274 | H127: 60.75 | I127: 28 | J127: Yes
A128: 7219/0016 | B128: 12 WAY DT06 SKT HSG KEY A -Rev.Lel.-02 | C128: Lab Consumables | D128: WH Misc | E128: NO | F128: M-2 | G128: MOTHERSON SUMI WIRING INDIA ( M274 | H128: 298.04 | I128: 7 | J128: Yes
A129: 7219/0159 | B129: 20 Way DL 040 Fem Sealed | C129: Lab Consumables | D129: Wire Seal | E129: NO | F129: L-15 | G129: MOTHERSON SUMI WIRING INDIA ( M274 | H129: 97.27 | I129: 7 | J129: Yes
A130: 7219/0158 | B130: 20 Way DL 040 Male Sealed | C130: Lab Consumables | D130: Wire Seal | E130: F | F130: L-15 | G130: MOTHERSON SUMI WIRING INDIA ( M274 | H130: 160.14 | I130: 7 | J130: Yes
A131: 7219/0326 | B131: 56 WAY FEM CONN HSG LHS E | C131: Lab Consumables | D131: WH Misc | E131: NO | F131: L-18 | G131: MOTHERSON SUMI WIRING INDIA ( M274 | H131: 282.47 | I131: 7 | J131: Yes
...

Sheet Movements
A1: Date | B1: PartNo | C1: Type | D1: Qty | E1: Reference | F1: UnitCost | G1: By | H1: Reason | I1: EntryId
A2: 45351 | B2: P_C_CD/2024/005_01 | C2: RECEIPT | D2: 2 | E2: 9700008666 | F2: 47700 | G2: lab.store@jcb.com
A3: 45357 | B3: P_C_CD/2024/006_01 | C3: RECEIPT | D3: 3 | E3: 9700008677 | F3: 12910 | G3: lab.store@jcb.com
A4: 45467 | B4: 0010 P_SER_ITSE_AMC_035-SOFTWARE AMC | C4: RECEIPT | D4: 1 | E4: 9700008919 | F4: 39000 | G4: lab.store@jcb.com
A5: 45510 | B5: P_CON_ELCC_GEN_071 | C5: RECEIPT | D5: 50 | E5: 9700009002 | F5: 228 | G5: lab.store@jcb.com
A6: 45510 | B6: P_CON_ELCC_GEN_072 | C6: RECEIPT | D6: 50 | E6: 9700009002 | F6: 532 | G6: lab.store@jcb.com
A7: 45510 | B7: P_CON_ELCC_GEN_073 | C7: RECEIPT | D7: 50 | E7: 9700009002 | F7: 975 | G7: lab.store@jcb.com
A8: 45680 | B8: 7208/0024 | C8: RECEIPT | D8: 50 | E8: 9700009294 | F8: 1598 | G8: lab.store@jcb.com
A9: 45680 | B9: 7208/0023 | C9: RECEIPT | D9: 50 | E9: 9700009294 | F9: 1598 | G9: lab.store@jcb.com
A10: 45680 | B10: 7254/1006 | C10: RECEIPT | D10: 50 | E10: 9700009294 | F10: 278 | G10: lab.store@jcb.com
A11: 45680 | B11: 7254/0406 | C11: RECEIPT | D11: 50 | E11: 9700009294 | F11: 104 | G11: lab.store@jcb.com
A12: 45680 | B12: 7241/0065 | C12: RECEIPT | D12: 50 | E12: 9700009294 | F12: 30.54 | G12: lab.store@jcb.com
A13: 45680 | B13: 7000/3217 | C13: RECEIPT | D13: 50 | E13: 9700009294 | F13: 108.45 | G13: lab.store@jcb.com
... A46: 45680 | B46: 7207/1406 | C46: RECEIPT | D46: 50 | E46: 9700009294 | F46: 97.5 | G46: lab.store@jcb.com
A47: 45901 | B47: MC000ACZAUN7IG 9001 | C47: RECEIPT | D47: 2 | E47: 9700009838 | G47: lab.store@jcb.com
A48: 45901 | B48: MC000AAOAVO2IH 4001 8 | C48: RECEIPT | D48: 1 | E48: 9700009838 | G48: lab.store@jcb.com
A49: 45901 | B49: MC000ADBAFO6XX X001 | C49: RECEIPT | D49: 1 | E49: 9700009838 | G49: lab.store@jcb.com
A50: 45901 | B50: MC000ACZAF07IH7 001 | C50: RECEIPT | D50: 1 | E50: 9700009838 | G50: lab.store@jcb.com
A51: 45901 | B51: MC000ADAAFO7IH 8001 | C51: RECEIPT | D51: 1 | E51: 9700009838 | G51: lab.store@jcb.com
A52: 45901 | B52: MC000ACZAWO5X XX001 | C52: RECEIPT | D52: 1 | E52: 9700009838 | G52: lab.store@jcb.com
A53: 45901 | B53: P_CON_TOOL_RS_219 | C53: RECEIPT | D53: 2 | E53: 9700008285 | F53: 40900 | G53: lab.store@jcb.com
A54: 45901 | B54: 7219/0494 | C54: RECEIPT | D54: 3 | G54: lab.store@jcb.com
A55: 45901 | B55: 7219/0493 | C55: RECEIPT | D55: 3 | G55: lab.store@jcb.com
A56: 45901 | B56: 7201/1137 | C56: RECEIPT | D56: 50 | G56: lab.store@jcb.com
A57: 45901 | B57: 7219/0494 | C57: RECEIPT | D57: 1 | E57: FOC_TE_15 | G57: lab.store@jcb.com
A58: 45901 | B58: 402/R5392 | C58: RECEIPT | D58: 1 | E58: RIG MATERIAL_STU_XP | G58: lab.store@jcb.com
A59: 45901 | B59: 402/RX2039 | C59: RECEIPT | D59: 1 | E59: RIG MATERIAL_STU_XP | G59: lab.store@jcb.com
A60: 45901 | B60: 402/R5384 | C60: RECEIPT | D60: 3 | E60: RIG MATERIAL_STU_XP | G60: lab.store@jcb.com
A61: 45901 | B61: 334/E1468 | C61: RECEIPT | D61: 1 | E61: RIG MATERIAL_STU_XP | G61: lab.store@jcb.com
A62: 45901 | B62: 334/E1467 | C62: RECEIPT | D62: 1 | E62: RIG MATERIAL_STU_XP | G62: lab.store@jcb.com
A63: 45901 | B63: 402/R5326 | C63: RECEIPT | D63: 1 | E63: RIG MATERIAL_STU_XP | G63: lab.store@jcb.com
A64: 45901 | B64: 403/W7443 | C64: RECEIPT | D64: 1 | E64: RIG MATERIAL_STU_XP | G64: lab.store@jcb.com
A65: 45901 | B65: 402/R5324 | C65: RECEIPT | D65: 1 | E65: RIG MATERIAL_STU_XP | G65: lab.store@jcb.com
A66: 45901 | B66: 728/J8518 | C66: RECEIPT | D66: 1 | E66: RIG MATERIAL_STU_XP | G66: lab.store@jcb.com
A67: 45901 | B67: MC000SCVMMMJJ002 | C67: RECEIPT | D67: 600 | E67: 9700010133 | F67: 27.3 | G67: lab.store@jcb.com
A68: 45901 | B68: MC000SCMVAQJJ001 | C68: RECEIPT | D68: 300 | E68: 9700010133 | F68: 32.4 | G68: lab.store@jcb.com
A69: 45901 | B69: MC000SCAAYUJJ001 | C69: RECEIPT | D69: 150 | E69: 9700010133 | F69: 43 | G69: lab.store@jcb.com
A70: 45901 | B70: MC000SCBBILJJ001 | C70: RECEIPT | D70: 150 | E70: 9700010133 | F70: 57.3 | G70: lab.store@jcb.com
A71: 45901 | B71: MC000SCCCOPJJ001 | C71: RECEIPT | D71: 300 | E71: 9700010133 | F71: 93.2 | G71: lab.store@jcb.com
A72: 45901 | B72: MC000SCQQPOJJ001 | C72: RECEIPT | D72: 150 | E72: 9700010133 | F72: 129 | G72: lab.store@jcb.com
A73: 45901 | B73: MC000SCNHWEJJ001 | C73: RECEIPT | D73: 150 | E73: 9700010133 | F73: 153.5 | G73: lab.store@jcb.com
A74: 45901 | B74: MC000SCUUREJJ001 | C74: RECEIPT | D74: 150 | E74: 9700010133 | F74: 236 | G74: lab.store@jcb.com
A75: 45901 | B75: MC000SCVVBBJJ001 | C75: RECEIPT | D75: 29.5 | E75: 9700010133 | F75: 29.5 | G75: lab.store@jcb.com
A76: 45901 | B76: P_CON_HARD_GEN_802 | C76: RECEIPT | D76: 1 | E76: 9700010133 | F76: 975 | G76: lab.store@jcb.com
A77: 45901 | B77: P_CON_HARD_GEN_803 | C77: RECEIPT | D77: 4 | E77: 9700010133 | F77: 1800 | G77: lab.store@jcb.com
A78: 45901 | B78: P_CON_FER_KIRON_01 | C78: RECEIPT | D78: 100 | E78: 9700010133 | F78: 2.2 | G78: lab.store@jcb.com
... A82: 45901 | B82: P_CON_FER_KIRON_05 | C82: RECEIPT | D82: 100 | E82: 9700010133 | F82: 9.5 | G82: lab.store@jcb.com
A83: 45901 | B83: 7212/0081 | C83: RECEIPT | D83: 10 | G83: lab.store@jcb.com
A84: 45901 | B84: 7212/0051 | C84: RECEIPT | D84: 10 | G84: lab.store@jcb.com
A85: 45901 | B85: 7219/0169 | C85: RECEIPT | D85: 30 | G85: lab.store@jcb.com
A86: 45901 | B86: 7216/0060 | C86: RECEIPT | D86: 10 | G86: lab.store@jcb.com
A87: 45901 | B87: 7216/0018 | C87: RECEIPT | D87: 10 | G87: lab.store@jcb.com
A88: 45901 | B88: 7212/0052 | C88: RECEIPT | D88: 10 | G88: lab.store@jcb.com
A89: 45901 | B89: 7219/0403 | C89: RECEIPT | D89: 10 | G89: lab.store@jcb.com
A90: 45901 | B90: 7239/0088 | C90: RECEIPT | D90: 10 | G90: lab.store@jcb.com
A91: 45901 | B91: 727/00002 | C91: RECEIPT | D91: 10 | G91: lab.store@jcb.com
A92: 45901 | B92: 7212/0052 | C92: RECEIPT | D92: 10 | G92: lab.store@jcb.com
A93: 45901 | B93: 7213/0031 | C93: RECEIPT | D93: 5 | G93: lab.store@jcb.com
A94: 45901 | B94: 7219/0018 | C94: RECEIPT | D94: 10 | G94: lab.store@jcb.com
... A123: 45901 | B123: 701/80265 | C123: RECEIPT | D123: 6 | G123: lab.store@jcb.com
A124: 45901 | B124: 7213/0080 | C124: RECEIPT | D124: 5 | E124: FOC_TE_16 | G124: lab.store@jcb.com
A125: 45901 | B125: 401/K4978 | C125: RECEIPT | D125: 5 | E125: FOC_TE_19 | G125: lab.store@jcb.com
A126: 45901 | B126: 7201/0120 | C126: RECEIPT | D126: 100 | E126: FOC_TE_19 | G126: lab.store@jcb.com
A127: 45901 | B127: 7204/0036 | C127: RECEIPT | D127: 100 | E127: FOC_TE_19 | G127: lab.store@jcb.com
A128: 45901 | B128: 7214/0029 | C128: RECEIPT | D128: 10 | E128: FOC_TE_19 | G128: lab.store@jcb.com
A129: 45901 | B129: 7204/0037 | C129: RECEIPT | D129: 100 | E129: FOC_TE_19 | G129: lab.store@jcb.com
A130: 45901 | B130: 7204/0027 | C130: RECEIPT | D130: 200 | E130: FOC_TE_19 | G130: lab.store@jcb.com
A131: 45901 | B131: 7204/0025 | C131: RECEIPT | D131: 70 | E131: FOC_TE_19 | G131: lab.store@jcb.com
A132: 45901 | B132: 7201/1133 | C132: RECEIPT | D132: 100 | E132: old parts | G132: lab.store@jcb.com
A133: 45901 | B133: 7204/0258 | C133: RECEIPT | D133: 100 | E133: old parts | G133: lab.store@jcb.com
A134: 45901 | B134: 7210/0264 | C134: RECEIPT | D134: 10 | E134: old parts | G134: lab.store@jcb.com
A135: 45901 | B135: 7204/0113 | C135: RECEIPT | D135: 100 | E135: old parts | G135: lab.store@jcb.com
... A166: 45901 | B166: 7212/0031 | C166: RECEIPT | D166: 10 | E166: FOC_TE_21 | G166: lab.store@jcb.com
A167: 45902 | B167: MC000RVT1CXX1SQ001 | C167: RECEIPT | D167: 50 | E167: 9700009778 | F167: 12 | G167: lab.store@jcb.com
A168: 45902 | B168: MC000RVT1CXX1SQ002 | C168: RECEIPT | D168: 50 | E168: 9700009778 | F168: 12 | G168: lab.store@jcb.com
A169: 45902 | B169: MC000RVT1CXX1SQ003 | C169: RECEIPT | D169: 50 | E169: 9700009778 | F169: 12 | G169: lab.store@jcb.com
A170: 45902 | B170: MC000RVT1CXX1SQ004 | C170: RECEIPT | D170: 50 | E170: 9700009778 | F170: 12 | G170: lab.store@jcb.com
A171: 45902 | B171: P_CON_GEN_ASLY_002 | C171: RECEIPT | D171: 25 | E171: 9700009778 | F171: 10 | G171: lab.store@jcb.com
A172: 45902 | B172: MC000SWRDTSPXXX001 | C172: RECEIPT | D172: 5 | E172: 9700009779 | G172: lab.store@jcb.com
A173: 45902 | B173: MC000SFLRVRSXXX001 | C173: RECEIPT | D173: 10 | E173: 9700009779 | F173: 101 | G173: lab.store@jcb.com
A174: 45902 | B174: MC000IPCFLFLXXX001 | C174: RECEIPT | D174: 2 | E174: 9700009779 | F174: 9282 | G174: lab.store@jcb.com
A175: 45902 | B175: MC000TCNRVSTXXX001 | C175: RECEIPT | D175: 100 | E175: 9700009779 | F175: 20 | G175: lab.store@jcb.com
A176: 45902 | B176: MC000RVT1CXX2SQ001 | C176: RECEIPT | D176: 5 | E176: 9700009779 | F176: 13 | G176: lab.store@jcb.com
A177: 45902 | B177: MC000RVTXXJCXX001 | C177: RECEIPT | D177: 100 | E177: 9700009779 | F177: 7 | G177: lab.store@jcb.com
A178: 45902 | B178: MC000RVTXXJCXX002 | C178: RECEIPT | D178: 100 | E178: 9700009779 | F178: 9 | G178: lab.store@jcb.com
A179: 45902 | B179: MC000RVTXXJCXX003 | C179: RECEIPT | D179: 100 | E179: 9700009779 | F179: 7 | G179: lab.store@jcb.com
A180: 45902 | B180: MC000CBLRVXXXXX001 | C180: RECEIPT | D180: 1 | E180: 9700009779 | F180: 1063 | G180: lab.store@jcb.com
A181: 45922 | B181: M2000A06SC04AA0001 | C181: RECEIPT | D181: 1 | E181: 9700009808 | F181: 24000 | G181: lab.store@jcb.com
A182: 45933 | B182: 7238/0002 | C182: RECEIPT | D182: 7 | E182: 1310012168 | F182: 44.1 | G182: lab.store@jcb.com
A183: 45933 | B183: 7238/0003 | C183: RECEIPT | D183: 7 | E183: 1310012168 | F183: 44.1 | G183: lab.store@jcb.com
A184: 45933 | B184: 7214/0002 | C184: RECEIPT | D184: 14 | E184: 1310012168 | F184: 14.38 | G184: lab.store@jcb.com
... A340: 45940 | B340: MC00001B1XXXXX001 | C340: RECEIPT | D340: 600 | E340: 9700009860 | F340: 89.06 | G340: lab.store@jcb.com
A341: 46049 | B341: 7204/0160 | C341: RECEIPT | D341: 100 | E341: FOC_TE_01 | G341: lab.store@jcb.com
A342: 46049 | B342: 7204/0124 | C342: RECEIPT | D342: 67 | E342: FOC_TE_01 | G342: lab.store@jcb.com
A343: 46049 | B343: 7201/0070 | C343: RECEIPT | D343: 100 | E343: FOC_TE_01 | G343: lab.store@jcb.com
A344: 46066 | B344: 7231/0008 | C344: RECEIPT | D344: 10 | E344: FOC_TE_13 | G344: lab.store@jcb.com
A345: 46066 | B345: 7201/0657 | C345: RECEIPT | D345: 100 | E345: FOC_TE_02 | G345: lab.store@jcb.com
A346: 46066 | B346: 7201/0653 | C346: RECEIPT | D346: 100 | E346: FOC_TE_02 | G346: lab.store@jcb.com
A347: 46066 | B347: 7201/0069 | C347: RECEIPT | D347: 70 | E347: FOC_TE_02 | G347: lab.store@jcb.com
A348: 46066 | B348: 7213/0083 | C348: RECEIPT | D348: 10 | E348: FOC_TE_03 | G348: lab.store@jcb.com
...

Sheet LiveStock
A1: PartNo | B1: Description | C1: UOM | D1: Location | E1: OnHand | F1: ReorderRefQty | G1: Status
A2: MC000RVT1CXX1SQ001 | B2: Revine Tech-1 Sq mm-Cable black | C2: M | E2: =SUMIFS(Movements!$D$2:$D$20000,Movements!$B$2:$B$20000,$A2,Movements!$C$2:$C$20000,"RECEIPT")+SUMIFS(Movements!$D$2:$D$20000,Movements!$B$2:$B$20000,$A2,Movements!$C$2:$C$20000,"RETURN")+SUMIFS(Movements!$D$2:$D$20000,Movements!$B$2:$B$20000,$A2,Movements!$C$2:$C$20000,"ADJUST+")-SUMIFS(Movements!$D$2:$D$20000,Movements!$B$2:$B$20000,$A2,Movements!$C$2:$C$20000,"ISSUE")-SUMIFS(Movements!$D$2:$D$20000,Movements!$B$2:$B$20000,$A2,Movements!$C$2:$C$20000,"SCRAP")-SUMIFS(Movements!$D$2:$D$20000,Movements!$B$2:$B$20000,$A2,Movements!$C$2:$C$20000,"ADJUST-") | F2: 50 | G2: =IF($E2<=0,"OUT OF STOCK",IF(AND($F2>0,$E2<=$F2*0.2),"LOW STOCK","IN STOCK"))
A3: MC000RVT1CXX1SQ002 | B3: Revine Tech-1 Sq mm-Cable BLUE | C3: M | E3: =SUMIFS(Movements!$D$2:$D$20000,Movements!$B$2:$B$20000,$A3,Movements!$C$2:$C$20000,"RECEIPT")+SUMIFS(Movements!$D$2:$D$20000,Movements!$B$2:$B$20000,$A3,Movements!$C$2:$C$20000,"RETURN")+SUMIFS(Movements!$D$2:$D$20000,Movements!$B$2:$B$20000,$A3,Movements!$C$2:$C$20000,"ADJUST+")-SUMIFS(Movements!$D$2:$D$20000,Movements!$B$2:$B$20000,$A3,Movements!$C$2:$C$20000,"ISSUE")-SUMIFS(Movements!$D$2:$D$20000,Movements!$B$2:$B$20000,$A3,Movements!$C$2:$C$20000,"SCRAP")-SUMIFS(Movements!$D$2:$D$20000,Movements!$B$2:$B$20000,$A3,Movements!$C$2:$C$20000,"ADJUST-") | F3: 50 | G3: =IF($E3<=0,"OUT OF STOCK",IF(AND($F3>0,$E3<=$F3*0.2),"LOW STOCK","IN STOCK"))
A4: MC000RVT1CXX1SQ003 | B4: Revine Tech-1 Sq mm-Cable RED 1 | C4: M | E4: =SUMIFS(Movements!$D$2:$D$20000,Movements!$B$2:$B$20000,$A4,Movements!$C$2:$C$20000,"RECEIPT")+SUMIFS(Movements!$D$2:$D$20000,Movements!$B$2:$B$20000,$A4,Movements!$C$2:$C$20000,"RETURN")+SUMIFS(Movements!$D$2:$D$20000,Movements!$B$2:$B$20000,$A4,Movements!$C$2:$C$20000,"ADJUST+")-SUMIFS(Movements!$D$2:$D$20000,Movements!$B$2:$B$20000,$A4,Movements!$C$2:$C$20000,"ISSUE")-SUMIFS(Movements!$D$2:$D$20000,Movements!$B$2:$B$20000,$A4,Movements!$C$2:$C$20000,"SCRAP")-SUMIFS(Movements!$D$2:$D$20000,Movements!$B$2:$B$20000,$A4,Movements!$C$2:$C$20000,"ADJUST-") | F4: 50 | G4: =IF($E4<=0,"OUT OF STOCK",IF(AND($F4>0,$E4<=$F4*0.2),"LOW STOCK","IN STOCK"))
A5: MC000RVT1CXX1SQ004 | B5: Revine Tech-1 Sq mm-Cable | C5: M | E5: =SUMIFS(Movements!$D$2:$D$20000,Movements!$B$2:$B$20000,$A5,Movements!$C$2:$C$20000,"RECEIPT")+SUMIFS(Movements!$D$2:$D$20000,Movements!$B$2:$B$20000,$A5,Movements!$C$2:$C$20000,"RETURN")+SUMIFS(Movements!$D$2:$D$20000,Movements!$B$2:$B$20000,$A5,Movements!$C$2:$C$20000,"ADJUST+")-SUMIFS(Movements!$D$2:$D$20000,Movements!$B$2:$B$20000,$A5,Movements!$C$2:$C$20000,"ISSUE")-SUMIFS(Movements!$D$2:$D$20000,Movements!$B$2:$B$20000,$A5,Movements!$C$2:$C$20000,"SCRAP")-SUMIFS(Movements!$D$2:$D$20000,Movements!$B$2:$B$20000,$A5,Movements!$C$2:$C$20000,"ADJUST-") | F5: 50 | G5: =IF($E5<=0,"OUT OF STOCK",IF(AND($F5>0,$E5<=$F5*0.2),"LOW STOCK","IN STOCK"))
A6: P_CON_GEN_ASLY_002 | B6: INSULATION TAPE | C6: NO | D6: UTILITY AREA | E6: =SUMIFS(Movements!$D$2:$D$20000,Movements!$B$2:$B$20000,$A6,Movements!$C$2:$C$20000,"RECEIPT")+SUMIFS(Movements!$D$2:$D$20000,Movements!$B$2:$B$20000,$A6,Movements!$C$2:$C$20000,"RETURN")+SUMIFS(Movements!$D$2:$D$20000,Movements!$B$2:$B$20000,$A6,Movements!$C$2:$C$20000,"ADJUST+")-SUMIFS(Movements!$D$2:$D$20000,Movements!$B$2:$B$20000,$A6,Movements!$C$2:$C$20000,"ISSUE")-SUMIFS(Movements!$D$2:$D$20000,Movements!$B$2:$B$20000,$A6,Movements!$C$2:$C$20000,"SCRAP")-SUMIFS(Movements!$D$2:$D$20000,Movements!$B$2:$B$20000,$A6,Movements!$C$2:$C$20000,"ADJUST-") | F6: 800 | G6: =IF($E6<=0,"OUT OF STOCK",IF(AND($F6>0,$E6<=$F6*0.2),"LOW STOCK","IN STOCK"))
A7: MC000SWRDTSPXXX001 | B7: Solder Wire-Duratool-SPC22129 | C7: NO | E7: =SUMIFS(Movements!$D$2:$D$20000,Movements!$B$2:$B$20000,$A7,Movements!$C$2:$C$20000,"RECEIPT")+SUMIFS(Movements!$D$2:$D$20000,Movements!$B$2:$B$20000,$A7,Movements!$C$2:$C$20000,"RETURN")+SUMIFS(Movements!$D$2:$D$20000,Movements!$B$2:$B$20000,$A7,Movements!$C$2:$C$20000,"ADJUST+")-SUMIFS(Movements!$D$2:$D$20000,Movements!$B$2:$B$20000,$A7,Movements!$C$2:$C$20000,"ISSUE")-SUMIFS(Movements!$D$2:$D$20000,Movements!$B$2:$B$20000,$A7,Movements!$C$2:$C$20000,"SCRAP")-SUMIFS(Movements!$D$2:$D$20000,Movements!$B$2:$B$20000,$A7,Movements!$C$2:$C$20000,"ADJUST-") | F7: 5 | G7: =IF($E7<=0,"OUT OF STOCK",IF(AND($F7>0,$E7<=$F7*0.2),"LOW STOCK","IN STOCK"))
A8: MC000SFLRVRSXXX001 | B8: Soldering Flux-Revine | C8: NO | E8: =SUMIFS(Movements!$D$2:$D$20000,Movements!$B$2:$B$20000,$A8,Movements!$C$2:$C$20000,"RECEIPT")+SUMIFS(Movements!$D$2:$D$20000,Movements!$B$2:$B$20000,$A8,Movements!$C$2:$C$20000,"RETURN")+SUMIFS(Movements!$D$2:$D$20000,Movements!$B$2:$B$20000,$A8,Movements!$C$2:$C$20000,"ADJUST+")-SUMIFS(Movements!$D$2:$D$20000,Movements!$B$2:$B$20000,$A8,Movements!$C$2:$C$20000,"ISSUE")-SUMIFS(Movements!$D$2:$D$20000,Movements!$B$2:$B$20000,$A8,Movements!$C$2:$C$20000,"SCRAP")-SUMIFS(Movements!$D$2:$D$20000,Movements!$B$2:$B$20000,$A8,Movements!$C$2:$C$20000,"ADJUST-") | F8: 10 | G8: =IF($E8<=0,"OUT OF STOCK",IF(AND($F8>0,$E8<=$F8*0.2),"LOW STOCK","IN STOCK"))
A9: MC000IPCFLFLXXX001 | B9: Insulation Pierc Cli-Fluke-FLK-TP82 | C9: NO | E9: =SUMIFS(Movements!$D$2:$D$20000,Movements!$B$2:$B$20000,$A9,Movements!$C$2:$C$20000,"RECEIPT")+SUMIFS(Movements!$D$2:$D$20000,Movements!$B$2:$B$20000,$A9,Movements!$C$2:$C$20000,"RETURN")+SUMIFS(Movements!$D$2:$D$20000,Movements!$B$2:$B$20000,$A9,Movements!$C$2:$C$20000,"ADJUST+")-SUMIFS(Movements!$D$2:$D$20000,Movements!$B$2:$B$20000,$A9,Movements!$C$2:$C$20000,"ISSUE")-SUMIFS(Movements!$D$2:$D$20000,Movements!$B$2:$B$20000,$A9,Movements!$C$2:$C$20000,"SCRAP")-SUMIFS(Movements!$D$2:$D$20000,Movements!$B$2:$B$20000,$A9,Movements!$C$2:$C$20000,"ADJUST-") | F9: 2 | G9: =IF($E9<=0,"OUT OF STOCK",IF(AND($F9>0,$E9<=$F9*0.2),"LOW STOCK","IN STOCK"))
A10: MC000TCNRVSTXXX001 | B10: Terminal Connector-Revine | C10: NO | E10: =SUMIFS(Movements!$D$2:$D$20000,Movements!$B$2:$B$20000,$A10,Movements!$C$2:$C$20000,"RECEIPT")+SUMIFS(Movements!$D$2:$D$20000,Movements!$B$2:$B$20000,$A10,Movements!$C$2:$C$20000,"RETURN")+SUMIFS(Movements!$D$2:$D$20000,Movements!$B$2:$B$20000,$A10,Movements!$C$2:$C$20000,"ADJUST+")-SUMIFS(Movements!$D$2:$D$20000,Movements!$B$2:$B$20000,$A10,Movements!$C$2:$C$20000,"ISSUE")-SUMIFS(Movements!$D$2:$D$20000,Movements!$B$2:$B$20000,$A10,Movements!$C$2:$C$20000,"SCRAP")-SUMIFS(Movements!$D$2:$D$20000,Movements!$B$2:$B$20000,$A10,Movements!$C$2:$C$20000,"ADJUST-") | F10: 100 | G10: =IF($E10<=0,"OUT OF STOCK",IF(AND($F10>0,$E10<=$F10*0.2),"LOW STOCK","IN STOCK"))
A11: MC000RVT1CXX2SQ001 | B11: Revine Tech-1sqmm,2 sqm HST | C11: M | E11: =SUMIFS(Movements!$D$2:$D$20000,Movements!$B$2:$B$20000,$A11,Movements!$C$2:$C$20000,"RECEIPT")+SUMIFS(Movements!$D$2:$D$20000,Movements!$B$2:$B$20000,$A11,Movements!$C$2:$C$20000,"RETURN")+SUMIFS(Movements!$D$2:$D$20000,Movements!$B$2:$B$20000,$A11,Movements!$C$2:$C$20000,"ADJUST+")-SUMIFS(Movements!$D$2:$D$20000,Movements!$B$2:$B$20000,$A11,Movements!$C$2:$C$20000,"ISSUE")-SUMIFS(Movements!$D$2:$D$20000,Movements!$B$2:$B$20000,$A11,Movements!$C$2:$C$20000,"SCRAP")-SUMIFS(Movements!$D$2:$D$20000,Movements!$B$2:$B$20000,$A11,Movements!$C$2:$C$20000,"ADJUST-") | F11: 5 | G11: =IF($E11<=0,"OUT OF STOCK",IF(AND($F11>0,$E11<=$F11*0.2),"LOW STOCK","IN STOCK"))
A12: MC000RVTXXJCXX001 | B12: Revine Tech JUMPER CABLE M TO | C12: M | E12: =SUMIFS(Movements!$D$2:$D$20000,Movements!$B$2:$B$20000,$A12,Movements!$C$2:$C$20000,"RECEIPT")+SUMIFS(Movements!$D$2:$D$20000,Movements!$B$2:$B$20000,$A12,Movements!$C$2:$C$20000,"RETURN")+SUMIFS(Movements!$D$2:$D$20000,Movements!$B$2:$B$20000,$A12,Movements!$C$2:$C$20000,"ADJUST+")-SUMIFS(Movements!$D$2:$D$20000,Movements!$B$2:$B$20000,$A12,Movements!$C$2:$C$20000,"ISSUE")-SUMIFS(Movements!$D$2:$D$20000,Movements!$B$2:$B$20000,$A12,Movements!$C$2:$C$20000,"SCRAP")-SUMIFS(Movements!$D$2:$D$20000,Movements!$B$2:$B$20000,$A12,Movements!$C$2:$C$20000,"ADJUST-") | F12: 100 | G12: =IF($E12<=0,"OUT OF STOCK",IF(AND($F12>0,$E12<=$F12*0.2),"LOW STOCK","IN STOCK"))
A13: MC000RVTXXJCXX002 | B13: Revine Tech---Jumper Cable- M TO F | C13: M | E13: =SUMIFS(Movements!$D$2:$D$20000,Movements!$B$2:$B$20000,$A13,Movements!$C$2:$C$20000,"RECEIPT")+SUMIFS(Movements!$D$2:$D$20000,Movements!$B$2:$B$20000,$A13,Movements!$C$2:$C$20000,"RETURN")+SUMIFS(Movements!$D$2:$D$20000,Movements!$B$2:$B$20000,$A13,Movements!$C$2:$C$20000,"ADJUST+")-SUMIFS(Movements!$D$2:$D$20000,Movements!$B$2:$B$20000,$A13,Movements!$C$2:$C$20000,"ISSUE")-SUMIFS(Movements!$D$2:$D$20000,Movements!$B$2:$B$20000,$A13,Movements!$C$2:$C$20000,"SCRAP")-SUMIFS(Movements!$D$2:$D$20000,Movements!$B$2:$B$20000,$A13,Movements!$C$2:$C$20000,"ADJUST-") | F13: 100 | G13: =IF($E13<=0,"OUT OF STOCK",IF(AND($F13>0,$E13<=$F13*0.2),"LOW STOCK","IN STOCK"))
A14: MC000RVTXXJCXX003 | B14: Revine Tech-Jumper Cable--F TO F | C14: M | E14: =SUMIFS(Movements!$D$2:$D$20000,Movements!$B$2:$B$20000,$A14,Movements!$C$2:$C$20000,"RECEIPT")+SUMIFS(Movements!$D$2:$D$20000,Movements!$B$2:$B$20000,$A14,Movements!$C$2:$C$20000,"RETURN")+SUMIFS(Movements!$D$2:$D$20000,Movements!$B$2:$B$20000,$A14,Movements!$C$2:$C$20000,"ADJUST+")-SUMIFS(Movements!$D$2:$D$20000,Movements!$B$2:$B$20000,$A14,Movements!$C$2:$C$20000,"ISSUE")-SUMIFS(Movements!$D$2:$D$20000,Movements!$B$2:$B$20000,$A14,Movements!$C$2:$C$20000,"SCRAP")-SUMIFS(Movements!$D$2:$D$20000,Movements!$B$2:$B$20000,$A14,Movements!$C$2:$C$20000,"ADJUST-") | F14: 100 | G14: =IF($E14<=0,"OUT OF STOCK",IF(AND($F14>0,$E14<=$F14*0.2),"LOW STOCK","IN STOCK"))
A15: MC000CBLRVXXXXX001 | B15: Cable Label-Revine Tech 240 PCS | C15: NO | E15: =SUMIFS(Movements!$D$2:$D$20000,Movements!$B$2:$B$20000,$A15,Movements!$C$2:$C$20000,"RECEIPT")+SUMIFS(Movements!$D$2:$D$20000,Movements!$B$2:$B$20000,$A15,Movements!$C$2:$C$20000,"RETURN")+SUMIFS(Movements!$D$2:$D$20000,Movements!$B$2:$B$20000,$A15,Movements!$C$2:$C$20000,"ADJUST+")-SUMIFS(Movements!$D$2:$D$20000,Movements!$B$2:$B$20000,$A15,Movements!$C$2:$C$20000,"ISSUE")-SUMIFS(Movements!$D$2:$D$20000,Movements!$B$2:$B$20000,$A15,Movements!$C$2:$C$20000,"SCRAP")-SUMIFS(Movements!$D$2:$D$20000,Movements!$B$2:$B$20000,$A15,Movements!$C$2:$C$20000,"ADJUST-") | F15: 1 | G15: =IF($E15<=0,"OUT OF STOCK",IF(AND($F15>0,$E15<=$F15*0.2),"LOW STOCK","IN STOCK"))
A16: M2000A06SC04AA0001 | B16: MISCE STO SCOP BLAC 700 STORAGE BOX | C16: NO | E16: =SUMIFS(Movements!$D$2:$D$20000,Movements!$B$2:$B$20000,$A16,Movements!$C$2:$C$20000,"RECEIPT")+SUMIFS(Movements!$D$2:$D$20000,Movements!$B$2:$B$20000,$A16,Movements!$C$2:$C$20000,"RETURN")+SUMIFS(Movements!$D$2:$D$20000,Movements!$B$2:$B$20000,$A16,Movements!$C$2:$C$20000,"ADJUST+")-SUMIFS(Movements!$D$2:$D$20000,Movements!$B$2:$B$20000,$A16,Movements!$C$2:$C$20000,"ISSUE")-SUMIFS(Movements!$D$2:$D$20000,Movements!$B$2:$B$20000,$A16,Movements!$C$2:$C$20000,"SCRAP")-SUMIFS(Movements!$D$2:$D$20000,Movements!$B$2:$B$20000,$A16,Movements!$C$2:$C$20000,"ADJUST-") | F16: 1 | G16: =IF($E16<=0,"OUT OF STOCK",IF(AND($F16>0,$E16<=$F16*0.2),"LOW STOCK","IN STOCK"))
A17: MC00001A1XXXXX001 | B17: WIRE CLA 0.5 - - WIRE - 0.5 SQ.MM | C17: M | E17: =SUMIFS(Movements!$D$2:$D$20000,Movements!$B$2:$B$20000,$A17,Movements!$C$2:$C$20000,"RECEIPT")+SUMIFS(Movements!$D$2:$D$20000,Movements!$B$2:$B$20000,$A17,Movements!$C$2:$C$20000,"RETURN")+SUMIFS(Movements!$D$2:$D$20000,Movements!$B$2:$B$20000,$A17,Movements!$C$2:$C$20000,"ADJUST+")-SUMIFS(Movements!$D$2:$D$20000,Movements!$B$2:$B$20000,$A17,Movements!$C$2:$C$20000,"ISSUE")-SUMIFS(Movements!$D$2:$D$20000,Movements!$B$2:$B$20000,$A17,Movements!$C$2:$C$20000,"SCRAP")-SUMIFS(Movements!$D$2:$D$20000,Movements!$B$2:$B$20000,$A17,Movements!$C$2:$C$20000,"ADJUST-") | F17: 2000 | G17: =IF($E17<=0,"OUT OF STOCK",IF(AND($F17>0,$E17<=$F17*0.2),"LOW STOCK","IN STOCK"))
A18: MC00001A2XXXXX001 | B18: WIRE CLA 0.75 - - WIRE - 0.75 SQ.MM | C18: M | E18: =SUMIFS(Movements!$D$2:$D$20000,Movements!$B$2:$B$20000,$A18,Movements!$C$2:$C$20000,"RECEIPT")+SUMIFS(Movements!$D$2:$D$20000,Movements!$B$2:$B$20000,$A18,Movements!$C$2:$C$20000,"RETURN")+SUMIFS(Movements!$D$2:$D$20000,Movements!$B$2:$B$20000,$A18,Movements!$C$2:$C$20000,"ADJUST+")-SUMIFS(Movements!$D$2:$D$20000,Movements!$B$2:$B$20000,$A18,Movements!$C$2:$C$20000,"ISSUE")-SUMIFS(Movements!$D$2:$D$20000,Movements!$B$2:$B$20000,$A18,Movements!$C$2:$C$20000,"SCRAP")-SUMIFS(Movements!$D$2:$D$20000,Movements!$B$2:$B$20000,$A18,Movements!$C$2:$C$20000,"ADJUST-") | F18: 2000 | G18: =IF($E18<=0,"OUT OF STOCK",IF(AND($F18>0,$E18<=$F18*0.2),"LOW STOCK","IN STOCK"))
... A33: MC000ACZAWO5X XX001 | B33: Crimp Tool DT Series HD10 Series HD30 Series H | C33: NO | E33: =SUMIFS(Movements!$D$2:$D$20000,Movements!$B$2:$B$20000,$A33,Movements!$C$2:$C$20000,"RECEIPT")+SUMIFS(Movements!$D$2:$D$20000,Movements!$B$2:$B$20000,$A33,Movements!$C$2:$C$20000,"RETURN")+SUMIFS(Movements!$D$2:$D$20000,Movements!$B$2:$B$20000,$A33,Movements!$C$2:$C$20000,"ADJUST+")-SUMIFS(Movements!$D$2:$D$20000,Movements!$B$2:$B$20000,$A33,Movements!$C$2:$C$20000,"ISSUE")-SUMIFS(Movements!$D$2:$D$20000,Movements!$B$2:$B$20000,$A33,Movements!$C$2:$C$20000,"SCRAP")-SUMIFS(Movements!$D$2:$D$20000,Movements!$B$2:$B$20000,$A33,Movements!$C$2:$C$20000,"ADJUST-") | F33: 1 | G33: =IF($E33<=0,"OUT OF STOCK",IF(AND($F33>0,$E33<=$F33*0.2),"LOW STOCK","IN STOCK"))
A34: P_CON_TOOL_RS_219 | C34: NO | E34: =SUMIFS(Movements!$D$2:$D$20000,Movements!$B$2:$B$20000,$A34,Movements!$C$2:$C$20000,"RECEIPT")+SUMIFS(Movements!$D$2:$D$20000,Movements!$B$2:$B$20000,$A34,Movements!$C$2:$C$20000,"RETURN")+SUMIFS(Movements!$D$2:$D$20000,Movements!$B$2:$B$20000,$A34,Movements!$C$2:$C$20000,"ADJUST+")-SUMIFS(Movements!$D$2:$D$20000,Movements!$B$2:$B$20000,$A34,Movements!$C$2:$C$20000,"ISSUE")-SUMIFS(Movements!$D$2:$D$20000,Movements!$B$2:$B$20000,$A34,Movements!$C$2:$C$20000,"SCRAP")-SUMIFS(Movements!$D$2:$D$20000,Movements!$B$2:$B$20000,$A34,Movements!$C$2:$C$20000,"ADJUST-") | F34: 2 | G34: =IF($E34<=0,"OUT OF STOCK",IF(AND($F34>0,$E34<=$F34*0.2),"LOW STOCK","IN STOCK"))
A35: P_CON_ELCC_GEN_071 | B35: Battery Cable 1C X 16 mm² | C35: NO | D35: EMC CUPBOARD | E35: =SUMIFS(Movements!$D$2:$D$20000,Movements!$B$2:$B$20000,$A35,Movements!$C$2:$C$20000,"RECEIPT")+SUMIFS(Movements!$D$2:$D$20000,Movements!$B$2:$B$20000,$A35,Movements!$C$2:$C$20000,"RETURN")+SUMIFS(Movements!$D$2:$D$20000,Movements!$B$2:$B$20000,$A35,Movements!$C$2:$C$20000,"ADJUST+")-SUMIFS(Movements!$D$2:$D$20000,Movements!$B$2:$B$20000,$A35,Movements!$C$2:$C$20000,"ISSUE")-SUMIFS(Movements!$D$2:$D$20000,Movements!$B$2:$B$20000,$A35,Movements!$C$2:$C$20000,"SCRAP")-SUMIFS(Movements!$D$2:$D$20000,Movements!$B$2:$B$20000,$A35,Movements!$C$2:$C$20000,"ADJUST-") | F35: 50 | G35: =IF($E35<=0,"OUT OF STOCK",IF(AND($F35>0,$E35<=$F35*0.2),"LOW STOCK","IN STOCK"))
A36: P_CON_ELCC_GEN_072 | B36: Battery Cable 1 C X 35 mm² | C36: NO | D36: EMC CUPBOARD | E36: =SUMIFS(Movements!$D$2:$D$20000,Movements!$B$2:$B$20000,$A36,Movements!$C$2:$C$20000,"RECEIPT")+SUMIFS(Movements!$D$2:$D$20000,Movements!$B$2:$B$20000,$A36,Movements!$C$2:$C$20000,"RETURN")+SUMIFS(Movements!$D$2:$D$20000,Movements!$B$2:$B$20000,$A36,Movements!$C$2:$C$20000,"ADJUST+")-SUMIFS(Movements!$D$2:$D$20000,Movements!$B$2:$B$20000,$A36,Movements!$C$2:$C$20000,"ISSUE")-SUMIFS(Movements!$D$2:$D$20000,Movements!$B$2:$B$20000,$A36,Movements!$C$2:$C$20000,"SCRAP")-SUMIFS(Movements!$D$2:$D$20000,Movements!$B$2:$B$20000,$A36,Movements!$C$2:$C$20000,"ADJUST-") | F36: 50 | G36: =IF($E36<=0,"OUT OF STOCK",IF(AND($F36>0,$E36<=$F36*0.2),"LOW STOCK","IN STOCK"))
A37: P_CON_ELCC_GEN_073 | B37: Battery Cable 1 C X 70 mm² | C37: NO | D37: EMC CUPBOARD | E37: =SUMIFS(Movements!$D$2:$D$20000,Movements!$B$2:$B$20000,$A37,Movements!$C$2:$C$20000,"RECEIPT")+SUMIFS(Movements!$D$2:$D$20000,Movements!$B$2:$B$20000,$A37,Movements!$C$2:$C$20000,"RETURN")+SUMIFS(Movements!$D$2:$D$20000,Movements!$B$2:$B$20000,$A37,Movements!$C$2:$C$20000,"ADJUST+")-SUMIFS(Movements!$D$2:$D$20000,Movements!$B$2:$B$20000,$A37,Movements!$C$2:$C$20000,"ISSUE")-SUMIFS(Movements!$D$2:$D$20000,Movements!$B$2:$B$20000,$A37,Movements!$C$2:$C$20000,"SCRAP")-SUMIFS(Movements!$D$2:$D$20000,Movements!$B$2:$B$20000,$A37,Movements!$C$2:$C$20000,"ADJUST-") | F37: 50 | G37: =IF($E37<=0,"OUT OF STOCK",IF(AND($F37>0,$E37<=$F37*0.2),"LOW STOCK","IN STOCK"))
A38: 0010 P_SER_ITSE_AMC_035-SOFTWARE AMC | B38: Renewal Acrobat Pro | C38: AU | E38: =SUMIFS(Movements!$D$2:$D$20000,Movements!$B$2:$B$20000,$A38,Movements!$C$2:$C$20000,"RECEIPT")+SUMIFS(Movements!$D$2:$D$20000,Movements!$B$2:$B$20000,$A38,Movements!$C$2:$C$20000,"RETURN")+SUMIFS(Movements!$D$2:$D$20000,Movements!$B$2:$B$20000,$A38,Movements!$C$2:$C$20000,"ADJUST+")-SUMIFS(Movements!$D$2:$D$20000,Movements!$B$2:$B$20000,$A38,Movements!$C$2:$C$20000,"ISSUE")-SUMIFS(Movements!$D$2:$D$20000,Movements!$B$2:$B$20000,$A38,Movements!$C$2:$C$20000,"SCRAP")-SUMIFS(Movements!$D$2:$D$20000,Movements!$B$2:$B$20000,$A38,Movements!$C$2:$C$20000,"ADJUST-") | F38: 1 | G38: =IF($E38<=0,"OUT OF STOCK",IF(AND($F38>0,$E38<=$F38*0.2),"LOW STOCK","IN STOCK"))
A39: P_C_CD/2024/006_01 | B39: SEFRAM7204 6000cts handheld digital MM | C39: NO | E39: =SUMIFS(Movements!$D$2:$D$20000,Movements!$B$2:$B$20000,$A39,Movements!$C$2:$C$20000,"RECEIPT")+SUMIFS(Movements!$D$2:$D$20000,Movements!$B$2:$B$20000,$A39,Movements!$C$2:$C$20000,"RETURN")+SUMIFS(Movements!$D$2:$D$20000,Movements!$B$2:$B$20000,$A39,Movements!$C$2:$C$20000,"ADJUST+")-SUMIFS(Movements!$D$2:$D$20000,Movements!$B$2:$B$20000,$A39,Movements!$C$2:$C$20000,"ISSUE")-SUMIFS(Movements!$D$2:$D$20000,Movements!$B$2:$B$20000,$A39,Movements!$C$2:$C$20000,"SCRAP")-SUMIFS(Movements!$D$2:$D$20000,Movements!$B$2:$B$20000,$A39,Movements!$C$2:$C$20000,"ADJUST-") | F39: 3 | G39: =IF($E39<=0,"OUT OF STOCK",IF(AND($F39>0,$E39<=$F39*0.2),"LOW STOCK","IN STOCK"))
A40: P_C_CD/2024/005_01 | B40: Regulated DC Power Supply RL 03203 | C40: NO | E40: =SUMIFS(Movements!$D$2:$D$20000,Movements!$B$2:$B$20000,$A40,Movements!$C$2:$C$20000,"RECEIPT")+SUMIFS(Movements!$D$2:$D$20000,Movements!$B$2:$B$20000,$A40,Movements!$C$2:$C$20000,"RETURN")+SUMIFS(Movements!$D$2:$D$20000,Movements!$B$2:$B$20000,$A40,Movements!$C$2:$C$20000,"ADJUST+")-SUMIFS(Movements!$D$2:$D$20000,Movements!$B$2:$B$20000,$A40,Movements!$C$2:$C$20000,"ISSUE")-SUMIFS(Movements!$D$2:$D$20000,Movements!$B$2:$B$20000,$A40,Movements!$C$2:$C$20000,"SCRAP")-SUMIFS(Movements!$D$2:$D$20000,Movements!$B$2:$B$20000,$A40,Movements!$C$2:$C$20000,"ADJUST-") | F40: 2 | G40: =IF($E40<=0,"OUT OF STOCK",IF(AND($F40>0,$E40<=$F40*0.2),"LOW STOCK","IN STOCK"))
A41: 7208/0024 | B41: OUNTERWEIGHT 35E 4WD PAI | C41: NO | E41: =SUMIFS(Movements!$D$2:$D$20000,Movements!$B$2:$B$20000,$A41,Movements!$C$2:$C$20000,"RECEIPT")+SUMIFS(Movements!$D$2:$D$20000,Movements!$B$2:$B$20000,$A41,Movements!$C$2:$C$20000,"RETURN")+SUMIFS(Movements!$D$2:$D$20000,Movements!$B$2:$B$20000,$A41,Movements!$C$2:$C$20000,"ADJUST+")-SUMIFS(Movements!$D$2:$D$20000,Movements!$B$2:$B$20000,$A41,Movements!$C$2:$C$20000,"ISSUE")-SUMIFS(Movements!$D$2:$D$20000,Movements!$B$2:$B$20000,$A41,Movements!$C$2:$C$20000,"SCRAP")-SUMIFS(Movements!$D$2:$D$20000,Movements!$B$2:$B$20000,$A41,Movements!$C$2:$C$20000,"ADJUST-") | F41: 50 | G41: =IF($E41<=0,"OUT OF STOCK",IF(AND($F41>0,$E41<=$F41*0.2),"LOW STOCK","IN STOCK"))
A42: 7208/0023 | B42: OUNTERWEIGHT 35E 4WD PAI | C42: NO | E42: =SUMIFS(Movements!$D$2:$D$20000,Movements!$B$2:$B$20000,$A42,Movements!$C$2:$C$20000,"RECEIPT")+SUMIFS(Movements!$D$2:$D$20000,Movements!$B$2:$B$20000,$A42,Movements!$C$2:$C$20000,"RETURN")+SUMIFS(Movements!$D$2:$D$20000,Movements!$B$2:$B$20000,$A42,Movements!$C$2:$C$20000,"ADJUST+")-SUMIFS(Movements!$D$2:$D$20000,Movements!$B$2:$B$20000,$A42,Movements!$C$2:$C$20000,"ISSUE")-SUMIFS(Movements!$D$2:$D$20000,Movements!$B$2:$B$20000,$A42,Movements!$C$2:$C$20000,"SCRAP")-SUMIFS(Movements!$D$2:$D$20000,Movements!$B$2:$B$20000,$A42,Movements!$C$2:$C$20000,"ADJUST-") | F42: 50 | G42: =IF($E42<=0,"OUT OF STOCK",IF(AND($F42>0,$E42<=$F42*0.2),"LOW STOCK","IN STOCK"))
A43: 7254/1006 | B43: G/Y Trirated 10MM | C43: NO | E43: =SUMIFS(Movements!$D$2:$D$20000,Movements!$B$2:$B$20000,$A43,Movements!$C$2:$C$20000,"RECEIPT")+SUMIFS(Movements!$D$2:$D$20000,Movements!$B$2:$B$20000,$A43,Movements!$C$2:$C$20000,"RETURN")+SUMIFS(Movements!$D$2:$D$20000,Movements!$B$2:$B$20000,$A43,Movements!$C$2:$C$20000,"ADJUST+")-SUMIFS(Movements!$D$2:$D$20000,Movements!$B$2:$B$20000,$A43,Movements!$C$2:$C$20000,"ISSUE")-SUMIFS(Movements!$D$2:$D$20000,Movements!$B$2:$B$20000,$A43,Movements!$C$2:$C$20000,"SCRAP")-SUMIFS(Movements!$D$2:$D$20000,Movements!$B$2:$B$20000,$A43,Movements!$C$2:$C$20000,"ADJUST-") | F43: 50 | G43: =IF($E43<=0,"OUT OF STOCK",IF(AND($F43>0,$E43<=$F43*0.2),"LOW STOCK","IN STOCK"))
A44: 7254/0406 | B44: 4 MM SQ. CABLE TRI -RATED CK GR-YE | C44: NO | E44: =SUMIFS(Movements!$D$2:$D$20000,Movements!$B$2:$B$20000,$A44,Movements!$C$2:$C$20000,"RECEIPT")+SUMIFS(Movements!$D$2:$D$20000,Movements!$B$2:$B$20000,$A44,Movements!$C$2:$C$20000,"RETURN")+SUMIFS(Movements!$D$2:$D$20000,Movements!$B$2:$B$20000,$A44,Movements!$C$2:$C$20000,"ADJUST+")-SUMIFS(Movements!$D$2:$D$20000,Movements!$B$2:$B$20000,$A44,Movements!$C$2:$C$20000,"ISSUE")-SUMIFS(Movements!$D$2:$D$20000,Movements!$B$2:$B$20000,$A44,Movements!$C$2:$C$20000,"SCRAP")-SUMIFS(Movements!$D$2:$D$20000,Movements!$B$2:$B$20000,$A44,Movements!$C$2:$C$20000,"ADJUST-") | F44: 50 | G44: =IF($E44<=0,"OUT OF STOCK",IF(AND($F44>0,$E44<=$F44*0.2),"LOW STOCK","IN STOCK"))
A45: 7241/0065 | B45: FUSEHOLDER FIXING PLATE | C45: NO | E45: =SUMIFS(Movements!$D$2:$D$20000,Movements!$B$2:$B$20000,$A45,Movements!$C$2:$C$20000,"RECEIPT")+SUMIFS(Movements!$D$2:$D$20000,Movements!$B$2:$B$20000,$A45,Movements!$C$2:$C$20000,"RETURN")+SUMIFS(Movements!$D$2:$D$20000,Movements!$B$2:$B$20000,$A45,Movements!$C$2:$C$20000,"ADJUST+")-SUMIFS(Movements!$D$2:$D$20000,Movements!$B$2:$B$20000,$A45,Movements!$C$2:$C$20000,"ISSUE")-SUMIFS(Movements!$D$2:$D$20000,Movements!$B$2:$B$20000,$A45,Movements!$C$2:$C$20000,"SCRAP")-SUMIFS(Movements!$D$2:$D$20000,Movements!$B$2:$B$20000,$A45,Movements!$C$2:$C$20000,"ADJUST-") | F45: 50 | G45: =IF($E45<=0,"OUT OF STOCK",IF(AND($F45>0,$E45<=$F45*0.2),"LOW STOCK","IN STOCK"))
A46: 7000/3217 | B46: HEATSHRINK SLEEVE PLAIN Rev.Lel.-01 | C46: NO | E46: =SUMIFS(Movements!$D$2:$D$20000,Movements!$B$2:$B$20000,$A46,Movements!$C$2:$C$20000,"RECEIPT")+SUMIFS(Movements!$D$2:$D$20000,Movements!$B$2:$B$20000,$A46,Movements!$C$2:$C$20000,"RETURN")+SUMIFS(Movements!$D$2:$D$20000,Movements!$B$2:$B$20000,$A46,Movements!$C$2:$C$20000,"ADJUST+")-SUMIFS(Movements!$D$2:$D$20000,Movements!$B$2:$B$20000,$A46,Movements!$C$2:$C$20000,"ISSUE")-SUMIFS(Movements!$D$2:$D$20000,Movements!$B$2:$B$20000,$A46,Movements!$C$2:$C$20000,"SCRAP")-SUMIFS(Movements!$D$2:$D$20000,Movements!$B$2:$B$20000,$A46,Movements!$C$2:$C$20000,"ADJUST-") | F46: 50 | G46: =IF($E46<=0,"OUT OF STOCK",IF(AND($F46>0,$E46<=$F46*0.2),"LOW STOCK","IN STOCK"))
A47: 717/20129 | B47: TERMINAL BOOT | C47: NO | E47: =SUMIFS(Movements!$D$2:$D$20000,Movements!$B$2:$B$20000,$A47,Movements!$C$2:$C$20000,"RECEIPT")+SUMIFS(Movements!$D$2:$D$20000,Movements!$B$2:$B$20000,$A47,Movements!$C$2:$C$20000,"RETURN")+SUMIFS(Movements!$D$2:$D$20000,Movements!$B$2:$B$20000,$A47,Movements!$C$2:$C$20000,"ADJUST+")-SUMIFS(Movements!$D$2:$D$20000,Movements!$B$2:$B$20000,$A47,Movements!$C$2:$C$20000,"ISSUE")-SUMIFS(Movements!$D$2:$D$20000,Movements!$B$2:$B$20000,$A47,Movements!$C$2:$C$20000,"SCRAP")-SUMIFS(Movements!$D$2:$D$20000,Movements!$B$2:$B$20000,$A47,Movements!$C$2:$C$20000,"ADJUST-") | F47: 50 | G47: =IF($E47<=0,"OUT OF STOCK",IF(AND($F47>0,$E47<=$F47*0.2),"LOW STOCK","IN STOCK"))
A48: 7243/0311 | B48: SE RUBBER BOOT CABLE O.D | C48: NO | E48: =SUMIFS(Movements!$D$2:$D$20000,Movements!$B$2:$B$20000,$A48,Movements!$C$2:$C$20000,"RECEIPT")+SUMIFS(Movements!$D$2:$D$20000,Movements!$B$2:$B$20000,$A48,Movements!$C$2:$C$20000,"RETURN")+SUMIFS(Movements!$D$2:$D$20000,Movements!$B$2:$B$20000,$A48,Movements!$C$2:$C$20000,"ADJUST+")-SUMIFS(Movements!$D$2:$D$20000,Movements!$B$2:$B$20000,$A48,Movements!$C$2:$C$20000,"ISSUE")-SUMIFS(Movements!$D$2:$D$20000,Movements!$B$2:$B$20000,$A48,Movements!$C$2:$C$20000,"SCRAP")-SUMIFS(Movements!$D$2:$D$20000,Movements!$B$2:$B$20000,$A48,Movements!$C$2:$C$20000,"ADJUST-") | F48: 50 | G48: =IF($E48<=0,"OUT OF STOCK",IF(AND($F48>0,$E48<=$F48*0.2),"LOW STOCK","IN STOCK"))
A49: 7243/0305 | B49: RUBBER CAP FOR M10&M12 RI Rev.Lel.-01 | C49: NO | D49: L-17 | E49: =SUMIFS(Movements!$D$2:$D$20000,Movements!$B$2:$B$20000,$A49,Movements!$C$2:$C$20000,"RECEIPT")+SUMIFS(Movements!$D$2:$D$20000,Movements!$B$2:$B$20000,$A49,Movements!$C$2:$C$20000,"RETURN")+SUMIFS(Movements!$D$2:$D$20000,Movements!$B$2:$B$20000,$A49,Movements!$C$2:$C$20000,"ADJUST+")-SUMIFS(Movements!$D$2:$D$20000,Movements!$B$2:$B$20000,$A49,Movements!$C$2:$C$20000,"ISSUE")-SUMIFS(Movements!$D$2:$D$20000,Movements!$B$2:$B$20000,$A49,Movements!$C$2:$C$20000,"SCRAP")-SUMIFS(Movements!$D$2:$D$20000,Movements!$B$2:$B$20000,$A49,Movements!$C$2:$C$20000,"ADJUST-") | F49: 50 | G49: =IF($E49<=0,"OUT OF STOCK",IF(AND($F49>0,$E49<=$F49*0.2),"LOW STOCK","IN STOCK"))
A50: 332/S1020 | B50: BOLT AND WASHER 1/4UNC Rev.Lel.-01 | C50: NO | E50: =SUMIFS(Movements!$D$2:$D$20000,Movements!$B$2:$B$20000,$A50,Movements!$C$2:$C$20000,"RECEIPT")+SUMIFS(Movements!$D$2:$D$20000,Movements!$B$2:$B$20000,$A50,Movements!$C$2:$C$20000,"RETURN")+SUMIFS(Movements!$D$2:$D$20000,Movements!$B$2:$B$20000,$A50,Movements!$C$2:$C$20000,"ADJUST+")-SUMIFS(Movements!$D$2:$D$20000,Movements!$B$2:$B$20000,$A50,Movements!$C$2:$C$20000,"ISSUE")-SUMIFS(Movements!$D$2:$D$20000,Movements!$B$2:$B$20000,$A50,Movements!$C$2:$C$20000,"SCRAP")-SUMIFS(Movements!$D$2:$D$20000,Movements!$B$2:$B$20000,$A50,Movements!$C$2:$C$20000,"ADJUST-") | F50: 50 | G50: =IF($E50<=0,"OUT OF STOCK",IF(AND($F50>0,$E50<=$F50*0.2),"LOW STOCK","IN STOCK"))
A51: 401/U6865 | B51: RUBBER CAP FOR M10 TERMINAL | C51: NO | E51: =SUMIFS(Movements!$D$2:$D$20000,Movements!$B$2:$B$20000,$A51,Movements!$C$2:$C$20000,"RECEIPT")+SUMIFS(Movements!$D$2:$D$20000,Movements!$B$2:$B$20000,$A51,Movements!$C$2:$C$20000,"RETURN")+SUMIFS(Movements!$D$2:$D$20000,Movements!$B$2:$B$20000,$A51,Movements!$C$2:$C$20000,"ADJUST+")-SUMIFS(Movements!$D$2:$D$20000,Movements!$B$2:$B$20000,$A51,Movements!$C$2:$C$20000,"ISSUE")-SUMIFS(Movements!$D$2:$D$20000,Movements!$B$2:$B$20000,$A51,Movements!$C$2:$C$20000,"SCRAP")-SUMIFS(Movements!$D$2:$D$20000,Movements!$B$2:$B$20000,$A51,Movements!$C$2:$C$20000,"ADJUST-") | F51: 50 | G51: =IF($E51<=0,"OUT OF STOCK",IF(AND($F51>0,$E51<=$F51*0.2),"LOW STOCK","IN STOCK"))
A52: 7243/0530 | B52: Alternator term cover (+ve) RED | C52: NO | E52: =SUMIFS(Movements!$D$2:$D$20000,Movements!$B$2:$B$20000,$A52,Movements!$C$2:$C$20000,"RECEIPT")+SUMIFS(Movements!$D$2:$D$20000,Movements!$B$2:$B$20000,$A52,Movements!$C$2:$C$20000,"RETURN")+SUMIFS(Movements!$D$2:$D$20000,Movements!$B$2:$B$20000,$A52,Movements!$C$2:$C$20000,"ADJUST+")-SUMIFS(Movements!$D$2:$D$20000,Movements!$B$2:$B$20000,$A52,Movements!$C$2:$C$20000,"ISSUE")-SUMIFS(Movements!$D$2:$D$20000,Movements!$B$2:$B$20000,$A52,Movements!$C$2:$C$20000,"SCRAP")-SUMIFS(Movements!$D$2:$D$20000,Movements!$B$2:$B$20000,$A52,Movements!$C$2:$C$20000,"ADJUST-") | F52: 50 | G52: =IF($E52<=0,"OUT OF STOCK",IF(AND($F52>0,$E52<=$F52*0.2),"LOW STOCK","IN STOCK"))
A53: 7000/3207 | B53: SPLIT CONDUIT TUBING NC | C53: M | E53: =SUMIFS(Movements!$D$2:$D$20000,Movements!$B$2:$B$20000,$A53,Movements!$C$2:$C$20000,"RECEIPT")+SUMIFS(Movements!$D$2:$D$20000,Movements!$B$2:$B$20000,$A53,Movements!$C$2:$C$20000,"RETURN")+SUMIFS(Movements!$D$2:$D$20000,Movements!$B$2:$B$20000,$A53,Movements!$C$2:$C$20000,"ADJUST+")-SUMIFS(Movements!$D$2:$D$20000,Movements!$B$2:$B$20000,$A53,Movements!$C$2:$C$20000,"ISSUE")-SUMIFS(Movements!$D$2:$D$20000,Movements!$B$2:$B$20000,$A53,Movements!$C$2:$C$20000,"SCRAP")-SUMIFS(Movements!$D$2:$D$20000,Movements!$B$2:$B$20000,$A53,Movements!$C$2:$C$20000,"ADJUST-") | F53: 100 | G53: =IF($E53<=0,"OUT OF STOCK",IF(AND($F53>0,$E53<=$F53*0.2),"LOW STOCK","IN STOCK"))
A54: 7205/1000 | B54: 10.0MM2 BROWN BOOTLACE FE Rev.Lel.-02 | C54: NO | E54: =SUMIFS(Movements!$D$2:$D$20000,Movements!$B$2:$B$20000,$A54,Movements!$C$2:$C$20000,"RECEIPT")+SUMIFS(Movements!$D$2:$D$20000,Movements!$B$2:$B$20000,$A54,Movements!$C$2:$C$20000,"RETURN")+SUMIFS(Movements!$D$2:$D$20000,Movements!$B$2:$B$20000,$A54,Movements!$C$2:$C$20000,"ADJUST+")-SUMIFS(Movements!$D$2:$D$20000,Movements!$B$2:$B$20000,$A54,Movements!$C$2:$C$20000,"ISSUE")-SUMIFS(Movements!$D$2:$D$20000,Movements!$B$2:$B$20000,$A54,Movements!$C$2:$C$20000,"SCRAP")-SUMIFS(Movements!$D$2:$D$20000,Movements!$B$2:$B$20000,$A54,Movements!$C$2:$C$20000,"ADJUST-") | F54: 50 | G54: =IF($E54<=0,"OUT OF STOCK",IF(AND($F54>0,$E54<=$F54*0.2),"LOW STOCK","IN STOCK"))
A55: 7207/2054 | B55: RING TERMINAL M10 10.0-16 mmsq | C55: NO | E55: =SUMIFS(Movements!$D$2:$D$20000,Movements!$B$2:$B$20000,$A55,Movements!$C$2:$C$20000,"RECEIPT")+SUMIFS(Movements!$D$2:$D$20000,Movements!$B$2:$B$20000,$A55,Movements!$C$2:$C$20000,"RETURN")+SUMIFS(Movements!$D$2:$D$20000,Movements!$B$2:$B$20000,$A55,Movements!$C$2:$C$20000,"ADJUST+")-SUMIFS(Movements!$D$2:$D$20000,Movements!$B$2:$B$20000,$A55,Movements!$C$2:$C$20000,"ISSUE")-SUMIFS(Movements!$D$2:$D$20000,Movements!$B$2:$B$20000,$A55,Movements!$C$2:$C$20000,"SCRAP")-SUMIFS(Movements!$D$2:$D$20000,Movements!$B$2:$B$20000,$A55,Movements!$C$2:$C$20000,"ADJUST-") | F55: 50 | G55: =IF($E55<=0,"OUT OF STOCK",IF(AND($F55>0,$E55<=$F55*0.2),"LOW STOCK","IN STOCK"))
A56: 7207/1502 | B56: RING TERMINAL M10 4.0-6.0 | C56: NO | E56: =SUMIFS(Movements!$D$2:$D$20000,Movements!$B$2:$B$20000,$A56,Movements!$C$2:$C$20000,"RECEIPT")+SUMIFS(Movements!$D$2:$D$20000,Movements!$B$2:$B$20000,$A56,Movements!$C$2:$C$20000,"RETURN")+SUMIFS(Movements!$D$2:$D$20000,Movements!$B$2:$B$20000,$A56,Movements!$C$2:$C$20000,"ADJUST+")-SUMIFS(Movements!$D$2:$D$20000,Movements!$B$2:$B$20000,$A56,Movements!$C$2:$C$20000,"ISSUE")-SUMIFS(Movements!$D$2:$D$20000,Movements!$B$2:$B$20000,$A56,Movements!$C$2:$C$20000,"SCRAP")-SUMIFS(Movements!$D$2:$D$20000,Movements!$B$2:$B$20000,$A56,Movements!$C$2:$C$20000,"ADJUST-") | F56: 50 | G56: =IF($E56<=0,"OUT OF STOCK",IF(AND($F56>0,$E56<=$F56*0.2),"LOW STOCK","IN STOCK"))
A57: 7205/0250 | B57: 2.5MM2 Grey Bootlace ferrule Rev.Lel.-01 | C57: NO | E57: =SUMIFS(Movements!$D$2:$D$20000,Movements!$B$2:$B$20000,$A57,Movements!$C$2:$C$20000,"RECEIPT")+SUMIFS(Movements!$D$2:$D$20000,Movements!$B$2:$B$20000,$A57,Movements!$C$2:$C$20000,"RETURN")+SUMIFS(Movements!$D$2:$D$20000,Movements!$B$2:$B$20000,$A57,Movements!$C$2:$C$20000,"ADJUST+")-SUMIFS(Movements!$D$2:$D$20000,Movements!$B$2:$B$20000,$A57,Movements!$C$2:$C$20000,"ISSUE")-SUMIFS(Movements!$D$2:$D$20000,Movements!$B$2:$B$20000,$A57,Movements!$C$2:$C$20000,"SCRAP")-SUMIFS(Movements!$D$2:$D$20000,Movements!$B$2:$B$20000,$A57,Movements!$C$2:$C$20000,"ADJUST-") | F57: 50 | G57: =IF($E57<=0,"OUT OF STOCK",IF(AND($F57>0,$E57<=$F57*0.2),"LOW STOCK","IN STOCK"))
A58: 7207/1501 | B58: 10.7MM RING TERMINAL (1.0-2.5 CSA) Rev.Lel.-03 | C58: NO | E58: =SUMIFS(Movements!$D$2:$D$20000,Movements!$B$2:$B$20000,$A58,Movements!$C$2:$C$20000,"RECEIPT")+SUMIFS(Movements!$D$2:$D$20000,Movements!$B$2:$B$20000,$A58,Movements!$C$2:$C$20000,"RETURN")+SUMIFS(Movements!$D$2:$D$20000,Movements!$B$2:$B$20000,$A58,Movements!$C$2:$C$20000,"ADJUST+")-SUMIFS(Movements!$D$2:$D$20000,Movements!$B$2:$B$20000,$A58,Movements!$C$2:$C$20000,"ISSUE")-SUMIFS(Movements!$D$2:$D$20000,Movements!$B$2:$B$20000,$A58,Movements!$C$2:$C$20000,"SCRAP")-SUMIFS(Movements!$D$2:$D$20000,Movements!$B$2:$B$20000,$A58,Movements!$C$2:$C$20000,"ADJUST-") | F58: 50 | G58: =IF($E58<=0,"OUT OF STOCK",IF(AND($F58>0,$E58<=$F58*0.2),"LOW STOCK","IN STOCK"))
A59: 7208/1079 | B59: 12 WAY DT04 PIN HOUSING Rev.Lel.-03 | C59: NO | E59: =SUMIFS(Movements!$D$2:$D$20000,Movements!$B$2:$B$20000,$A59,Movements!$C$2:$C$20000,"RECEIPT")+SUMIFS(Movements!$D$2:$D$20000,Movements!$B$2:$B$20000,$A59,Movements!$C$2:$C$20000,"RETURN")+SUMIFS(Movements!$D$2:$D$20000,Movements!$B$2:$B$20000,$A59,Movements!$C$2:$C$20000,"ADJUST+")-SUMIFS(Movements!$D$2:$D$20000,Movements!$B$2:$B$20000,$A59,Movements!$C$2:$C$20000,"ISSUE")-SUMIFS(Movements!$D$2:$D$20000,Movements!$B$2:$B$20000,$A59,Movements!$C$2:$C$20000,"SCRAP")-SUMIFS(Movements!$D$2:$D$20000,Movements!$B$2:$B$20000,$A59,Movements!$C$2:$C$20000,"ADJUST-") | F59: 50 | G59: =IF($E59<=0,"OUT OF STOCK",IF(AND($F59>0,$E59<=$F59*0.2),"LOW STOCK","IN STOCK"))
A60: 7207/1304 | B60: Ring Cable Lug M6 16-25-Rev.Lel.-01 | C60: NO | E60: =SUMIFS(Movements!$D$2:$D$20000,Movements!$B$2:$B$20000,$A60,Movements!$C$2:$C$20000,"RECEIPT")+SUMIFS(Movements!$D$2:$D$20000,Movements!$B$2:$B$20000,$A60,Movements!$C$2:$C$20000,"RETURN")+SUMIFS(Movements!$D$2:$D$20000,Movements!$B$2:$B$20000,$A60,Movements!$C$2:$C$20000,"ADJUST+")-SUMIFS(Movements!$D$2:$D$20000,Movements!$B$2:$B$20000,$A60,Movements!$C$2:$C$20000,"ISSUE")-SUMIFS(Movements!$D$2:$D$20000,Movements!$B$2:$B$20000,$A60,Movements!$C$2:$C$20000,"SCRAP")-SUMIFS(Movements!$D$2:$D$20000,Movements!$B$2:$B$20000,$A60,Movements!$C$2:$C$20000,"ADJUST-") | F60: 50 | G60: =IF($E60<=0,"OUT OF STOCK",IF(AND($F60>0,$E60<=$F60*0.2),"LOW STOCK","IN STOCK"))
A61: 7207/1405 | B61: RING LUG TERMINAL M8 16.0-25.0 | C61: NO | E61: =SUMIFS(Movements!$D$2:$D$20000,Movements!$B$2:$B$20000,$A61,Movements!$C$2:$C$20000,"RECEIPT")+SUMIFS(Movements!$D$2:$D$20000,Movements!$B$2:$B$20000,$A61,Movements!$C$2:$C$20000,"RETURN")+SUMIFS(Movements!$D$2:$D$20000,Movements!$B$2:$B$20000,$A61,Movements!$C$2:$C$20000,"ADJUST+")-SUMIFS(Movements!$D$2:$D$20000,Movements!$B$2:$B$20000,$A61,Movements!$C$2:$C$20000,"ISSUE")-SUMIFS(Movements!$D$2:$D$20000,Movements!$B$2:$B$20000,$A61,Movements!$C$2:$C$20000,"SCRAP")-SUMIFS(Movements!$D$2:$D$20000,Movements!$B$2:$B$20000,$A61,Movements!$C$2:$C$20000,"ADJUST-") | F61: 50 | G61: =IF($E61<=0,"OUT OF STOCK",IF(AND($F61>0,$E61<=$F61*0.2),"LOW STOCK","IN STOCK"))
... A76: 7207/1406 | B76: ING LUG TERMINAL M8 25-35 | C76: NO | E76: =SUMIFS(Movements!$D$2:$D$20000,Movements!$B$2:$B$20000,$A76,Movements!$C$2:$C$20000,"RECEIPT")+SUMIFS(Movements!$D$2:$D$20000,Movements!$B$2:$B$20000,$A76,Movements!$C$2:$C$20000,"RETURN")+SUMIFS(Movements!$D$2:$D$20000,Movements!$B$2:$B$20000,$A76,Movements!$C$2:$C$20000,"ADJUST+")-SUMIFS(Movements!$D$2:$D$20000,Movements!$B$2:$B$20000,$A76,Movements!$C$2:$C$20000,"ISSUE")-SUMIFS(Movements!$D$2:$D$20000,Movements!$B$2:$B$20000,$A76,Movements!$C$2:$C$20000,"SCRAP")-SUMIFS(Movements!$D$2:$D$20000,Movements!$B$2:$B$20000,$A76,Movements!$C$2:$C$20000,"ADJUST-") | F76: 50 | G76: =IF($E76<=0,"OUT OF STOCK",IF(AND($F76>0,$E76<=$F76*0.2),"LOW STOCK","IN STOCK"))
A77: 7238/0002 | B77: 8 Way MDK3 Radio Speaker Fem Hsg | C77: NO | D77: L-3 | E77: =SUMIFS(Movements!$D$2:$D$20000,Movements!$B$2:$B$20000,$A77,Movements!$C$2:$C$20000,"RECEIPT")+SUMIFS(Movements!$D$2:$D$20000,Movements!$B$2:$B$20000,$A77,Movements!$C$2:$C$20000,"RETURN")+SUMIFS(Movements!$D$2:$D$20000,Movements!$B$2:$B$20000,$A77,Movements!$C$2:$C$20000,"ADJUST+")-SUMIFS(Movements!$D$2:$D$20000,Movements!$B$2:$B$20000,$A77,Movements!$C$2:$C$20000,"ISSUE")-SUMIFS(Movements!$D$2:$D$20000,Movements!$B$2:$B$20000,$A77,Movements!$C$2:$C$20000,"SCRAP")-SUMIFS(Movements!$D$2:$D$20000,Movements!$B$2:$B$20000,$A77,Movements!$C$2:$C$20000,"ADJUST-") | F77: 20 | G77: =IF($E77<=0,"OUT OF STOCK",IF(AND($F77>0,$E77<=$F77*0.2),"LOW STOCK","IN STOCK"))
A78: 7238/0003 | B78: 8 Way MDK3 Radio Power Fem Hsg | C78: NO | D78: L-2 | E78: =SUMIFS(Movements!$D$2:$D$20000,Movements!$B$2:$B$20000,$A78,Movements!$C$2:$C$20000,"RECEIPT")+SUMIFS(Movements!$D$2:$D$20000,Movements!$B$2:$B$20000,$A78,Movements!$C$2:$C$20000,"RETURN")+SUMIFS(Movements!$D$2:$D$20000,Movements!$B$2:$B$20000,$A78,Movements!$C$2:$C$20000,"ADJUST+")-SUMIFS(Movements!$D$2:$D$20000,Movements!$B$2:$B$20000,$A78,Movements!$C$2:$C$20000,"ISSUE")-SUMIFS(Movements!$D$2:$D$20000,Movements!$B$2:$B$20000,$A78,Movements!$C$2:$C$20000,"SCRAP")-SUMIFS(Movements!$D$2:$D$20000,Movements!$B$2:$B$20000,$A78,Movements!$C$2:$C$20000,"ADJUST-") | F78: 25 | G78: =IF($E78<=0,"OUT OF STOCK",IF(AND($F78>0,$E78<=$F78*0.2),"LOW STOCK","IN STOCK"))
A79: 7214/0002 | B79: 4 WAY HW090 MALE HSG | C79: NO | D79: L-9 | E79: =SUMIFS(Movements!$D$2:$D$20000,Movements!$B$2:$B$20000,$A79,Movements!$C$2:$C$20000,"RECEIPT")+SUMIFS(Movements!$D$2:$D$20000,Movements!$B$2:$B$20000,$A79,Movements!$C$2:$C$20000,"RETURN")+SUMIFS(Movements!$D$2:$D$20000,Movements!$B$2:$B$20000,$A79,Movements!$C$2:$C$20000,"ADJUST+")-SUMIFS(Movements!$D$2:$D$20000,Movements!$B$2:$B$20000,$A79,Movements!$C$2:$C$20000,"ISSUE")-SUMIFS(Movements!$D$2:$D$20000,Movements!$B$2:$B$20000,$A79,Movements!$C$2:$C$20000,"SCRAP")-SUMIFS(Movements!$D$2:$D$20000,Movements!$B$2:$B$20000,$A79,Movements!$C$2:$C$20000,"ADJUST-") | F79: 14 | G79: =IF($E79<=0,"OUT OF STOCK",IF(AND($F79>0,$E79<=$F79*0.2),"LOW STOCK","IN STOCK"))
A80: 7216/0001 | B80: 6 Way HW090 Socket Housing | C80: NO | D80: L-15 | E80: =SUMIFS(Movements!$D$2:$D$20000,Movements!$B$2:$B$20000,$A80,Movements!$C$2:$C$20000,"RECEIPT")+SUMIFS(Movements!$D$2:$D$20000,Movements!$B$2:$B$20000,$A80,Movements!$C$2:$C$20000,"RETURN")+SUMIFS(Movements!$D$2:$D$20000,Movements!$B$2:$B$20000,$A80,Movements!$C$2:$C$20000,"ADJUST+")-SUMIFS(Movements!$D$2:$D$20000,Movements!$B$2:$B$20000,$A80,Movements!$C$2:$C$20000,"ISSUE")-SUMIFS(Movements!$D$2:$D$20000,Movements!$B$2:$B$20000,$A80,Movements!$C$2:$C$20000,"SCRAP")-SUMIFS(Movements!$D$2:$D$20000,Movements!$B$2:$B$20000,$A80,Movements!$C$2:$C$20000,"ADJUST-") | F80: 19 | G80: =IF($E80<=0,"OUT OF STOCK",IF(AND($F80>0,$E80<=$F80*0.2),"LOW STOCK","IN STOCK"))
A81: 7216/0002 | B81: 6 Way HW090 Pin Housing | C81: NO | D81: L-2 | E81: =SUMIFS(Movements!$D$2:$D$20000,Movements!$B$2:$B$20000,$A81,Movements!$C$2:$C$20000,"RECEIPT")+SUMIFS(Movements!$D$2:$D$20000,Movements!$B$2:$B$20000,$A81,Movements!$C$2:$C$20000,"RETURN")+SUMIFS(Movements!$D$2:$D$20000,Movements!$B$2:$B$20000,$A81,Movements!$C$2:$C$20000,"ADJUST+")-SUMIFS(Movements!$D$2:$D$20000,Movements!$B$2:$B$20000,$A81,Movements!$C$2:$C$20000,"ISSUE")-SUMIFS(Movements!$D$2:$D$20000,Movements!$B$2:$B$20000,$A81,Movements!$C$2:$C$20000,"SCRAP")-SUMIFS(Movements!$D$2:$D$20000,Movements!$B$2:$B$20000,$A81,Movements!$C$2:$C$20000,"ADJUST-") | F81: 19 | G81: =IF($E81<=0,"OUT OF STOCK",IF(AND($F81>0,$E81<=$F81*0.2),"LOW STOCK","IN STOCK"))
A82: 7211/0026 | B82: 1 WAY TS312 FEM HSG SEALED -Rev.Lel.-01 | C82: NO | D82: BIN -6-04 | E82: =SUMIFS(Movements!$D$2:$D$20000,Movements!$B$2:$B$20000,$A82,Movements!$C$2:$C$20000,"RECEIPT")+SUMIFS(Movements!$D$2:$D$20000,Movements!$B$2:$B$20000,$A82,Movements!$C$2:$C$20000,"RETURN")+SUMIFS(Movements!$D$2:$D$20000,Movements!$B$2:$B$20000,$A82,Movements!$C$2:$C$20000,"ADJUST+")-SUMIFS(Movements!$D$2:$D$20000,Movements!$B$2:$B$20000,$A82,Movements!$C$2:$C$20000,"ISSUE")-SUMIFS(Movements!$D$2:$D$20000,Movements!$B$2:$B$20000,$A82,Movements!$C$2:$C$20000,"SCRAP")-SUMIFS(Movements!$D$2:$D$20000,Movements!$B$2:$B$20000,$A82,Movements!$C$2:$C$20000,"ADJUST-") | F82: 14 | G82: =IF($E82<=0,"OUT OF STOCK",IF(AND($F82>0,$E82<=$F82*0.2),"LOW STOCK","IN STOCK"))
A83: 7243/0282 | B83: Adaptor 6 Way TYCO GET064Frankische | C83: NO | D83: L-12 | E83: =SUMIFS(Movements!$D$2:$D$20000,Movements!$B$2:$B$20000,$A83,Movements!$C$2:$C$20000,"RECEIPT")+SUMIFS(Movements!$D$2:$D$20000,Movements!$B$2:$B$20000,$A83,Movements!$C$2:$C$20000,"RETURN")+SUMIFS(Movements!$D$2:$D$20000,Movements!$B$2:$B$20000,$A83,Movements!$C$2:$C$20000,"ADJUST+")-SUMIFS(Movements!$D$2:$D$20000,Movements!$B$2:$B$20000,$A83,Movements!$C$2:$C$20000,"ISSUE")-SUMIFS(Movements!$D$2:$D$20000,Movements!$B$2:$B$20000,$A83,Movements!$C$2:$C$20000,"SCRAP")-SUMIFS(Movements!$D$2:$D$20000,Movements!$B$2:$B$20000,$A83,Movements!$C$2:$C$20000,"ADJUST-") | F83: 7 | G83: =IF($E83<=0,"OUT OF STOCK",IF(AND($F83>0,$E83<=$F83*0.2),"LOW STOCK","IN STOCK"))
A84: 7243/0383 | B84: HDP Size 24 L017 Straight Adapter NC20/28 | C84: NO | D84: L-15 | E84: =SUMIFS(Movements!$D$2:$D$20000,Movements!$B$2:$B$20000,$A84,Movements!$C$2:$C$20000,"RECEIPT")+SUMIFS(Movements!$D$2:$D$20000,Movements!$B$2:$B$20000,$A84,Movements!$C$2:$C$20000,"RETURN")+SUMIFS(Movements!$D$2:$D$20000,Movements!$B$2:$B$20000,$A84,Movements!$C$2:$C$20000,"ADJUST+")-SUMIFS(Movements!$D$2:$D$20000,Movements!$B$2:$B$20000,$A84,Movements!$C$2:$C$20000,"ISSUE")-SUMIFS(Movements!$D$2:$D$20000,Movements!$B$2:$B$20000,$A84,Movements!$C$2:$C$20000,"SCRAP")-SUMIFS(Movements!$D$2:$D$20000,Movements!$B$2:$B$20000,$A84,Movements!$C$2:$C$20000,"ADJUST-") | F84: 10 | G84: =IF($E84<=0,"OUT OF STOCK",IF(AND($F84>0,$E84<=$F84*0.2),"LOW STOCK","IN STOCK"))
A85: 7243/0318 | B85: HDP Size 18 L017 Straight Adapter NC16/20 | C85: NO | D85: L-12 | E85: =SUMIFS(Movements!$D$2:$D$20000,Movements!$B$2:$B$20000,$A85,Movements!$C$2:$C$20000,"RECEIPT")+SUMIFS(Movements!$D$2:$D$20000,Movements!$B$2:$B$20000,$A85,Movements!$C$2:$C$20000,"RETURN")+SUMIFS(Movements!$D$2:$D$20000,Movements!$B$2:$B$20000,$A85,Movements!$C$2:$C$20000,"ADJUST+")-SUMIFS(Movements!$D$2:$D$20000,Movements!$B$2:$B$20000,$A85,Movements!$C$2:$C$20000,"ISSUE")-SUMIFS(Movements!$D$2:$D$20000,Movements!$B$2:$B$20000,$A85,Movements!$C$2:$C$20000,"SCRAP")-SUMIFS(Movements!$D$2:$D$20000,Movements!$B$2:$B$20000,$A85,Movements!$C$2:$C$20000,"ADJUST-") | F85: 10 | G85: =IF($E85<=0,"OUT OF STOCK",IF(AND($F85>0,$E85<=$F85*0.2),"LOW STOCK","IN STOCK"))
A86: 7243/0323 | B86: HDP Size 24 L017 Elbow Adapter NC20/32 | C86: NO | D86: EMC-06 | E86: =SUMIFS(Movements!$D$2:$D$20000,Movements!$B$2:$B$20000,$A86,Movements!$C$2:$C$20000,"RECEIPT")+SUMIFS(Movements!$D$2:$D$20000,Movements!$B$2:$B$20000,$A86,Movements!$C$2:$C$20000,"RETURN")+SUMIFS(Movements!$D$2:$D$20000,Movements!$B$2:$B$20000,$A86,Movements!$C$2:$C$20000,"ADJUST+")-SUMIFS(Movements!$D$2:$D$20000,Movements!$B$2:$B$20000,$A86,Movements!$C$2:$C$20000,"ISSUE")-SUMIFS(Movements!$D$2:$D$20000,Movements!$B$2:$B$20000,$A86,Movements!$C$2:$C$20000,"SCRAP")-SUMIFS(Movements!$D$2:$D$20000,Movements!$B$2:$B$20000,$A86,Movements!$C$2:$C$20000,"ADJUST-") | F86: 17 | G86: =IF($E86<=0,"OUT OF STOCK",IF(AND($F86>0,$E86<=$F86*0.2),"LOW STOCK","IN STOCK"))
A87: 7243/0273 | B87: 1 | C87: NO | D87: L-12 | E87: =SUMIFS(Movements!$D$2:$D$20000,Movements!$B$2:$B$20000,$A87,Movements!$C$2:$C$20000,"RECEIPT")+SUMIFS(Movements!$D$2:$D$20000,Movements!$B$2:$B$20000,$A87,Movements!$C$2:$C$20000,"RETURN")+SUMIFS(Movements!$D$2:$D$20000,Movements!$B$2:$B$20000,$A87,Movements!$C$2:$C$20000,"ADJUST+")-SUMIFS(Movements!$D$2:$D$20000,Movements!$B$2:$B$20000,$A87,Movements!$C$2:$C$20000,"ISSUE")-SUMIFS(Movements!$D$2:$D$20000,Movements!$B$2:$B$20000,$A87,Movements!$C$2:$C$20000,"SCRAP")-SUMIFS(Movements!$D$2:$D$20000,Movements!$B$2:$B$20000,$A87,Movements!$C$2:$C$20000,"ADJUST-") | F87: 14 | G87: =IF($E87<=0,"OUT OF STOCK",IF(AND($F87>0,$E87<=$F87*0.2),"LOW STOCK","IN STOCK"))
A88: 7212/0179 | B88: 2W AMPSEAL16 SLD SKT CONN KEY A RED | C88: NO | D88: L-12 | E88: =SUMIFS(Movements!$D$2:$D$20000,Movements!$B$2:$B$20000,$A88,Movements!$C$2:$C$20000,"RECEIPT")+SUMIFS(Movements!$D$2:$D$20000,Movements!$B$2:$B$20000,$A88,Movements!$C$2:$C$20000,"RETURN")+SUMIFS(Movements!$D$2:$D$20000,Movements!$B$2:$B$20000,$A88,Movements!$C$2:$C$20000,"ADJUST+")-SUMIFS(Movements!$D$2:$D$20000,Movements!$B$2:$B$20000,$A88,Movements!$C$2:$C$20000,"ISSUE")-SUMIFS(Movements!$D$2:$D$20000,Movements!$B$2:$B$20000,$A88,Movements!$C$2:$C$20000,"SCRAP")-SUMIFS(Movements!$D$2:$D$20000,Movements!$B$2:$B$20000,$A88,Movements!$C$2:$C$20000,"ADJUST-") | F88: 10 | G88: =IF($E88<=0,"OUT OF STOCK",IF(AND($F88>0,$E88<=$F88*0.2),"LOW STOCK","IN STOCK"))
... A99: 7219/0157 | B99: 12 Way DL 090 Male Sealed | C99: NO | D99: L-12 | E99: =SUMIFS(Movements!$D$2:$D$20000,Movements!$B$2:$B$20000,$A99,Movements!$C$2:$C$20000,"RECEIPT")+SUMIFS(Movements!$D$2:$D$20000,Movements!$B$2:$B$20000,$A99,Movements!$C$2:$C$20000,"RETURN")+SUMIFS(Movements!$D$2:$D$20000,Movements!$B$2:$B$20000,$A99,Movements!$C$2:$C$20000,"ADJUST+")-SUMIFS(Movements!$D$2:$D$20000,Movements!$B$2:$B$20000,$A99,Movements!$C$2:$C$20000,"ISSUE")-SUMIFS(Movements!$D$2:$D$20000,Movements!$B$2:$B$20000,$A99,Movements!$C$2:$C$20000,"SCRAP")-SUMIFS(Movements!$D$2:$D$20000,Movements!$B$2:$B$20000,$A99,Movements!$C$2:$C$20000,"ADJUST-") | F99: 7 | G99: =IF($E99<=0,"OUT OF STOCK",IF(AND($F99>0,$E99<=$F99*0.2),"LOW STOCK","IN STOCK"))
A100: 7219/0109 | B100: 12 Way DL 090 Fem Sealed | C100: NO | E100: =SUMIFS(Movements!$D$2:$D$20000,Movements!$B$2:$B$20000,$A100,Movements!$C$2:$C$20000,"RECEIPT")+SUMIFS(Movements!$D$2:$D$20000,Movements!$B$2:$B$20000,$A100,Movements!$C$2:$C$20000,"RETURN")+SUMIFS(Movements!$D$2:$D$20000,Movements!$B$2:$B$20000,$A100,Movements!$C$2:$C$20000,"ADJUST+")-SUMIFS(Movements!$D$2:$D$20000,Movements!$B$2:$B$20000,$A100,Movements!$C$2:$C$20000,"ISSUE")-SUMIFS(Movements!$D$2:$D$20000,Movements!$B$2:$B$20000,$A100,Movements!$C$2:$C$20000,"SCRAP")-SUMIFS(Movements!$D$2:$D$20000,Movements!$B$2:$B$20000,$A100,Movements!$C$2:$C$20000,"ADJUST-") | F100: 7 | G100: =IF($E100<=0,"OUT OF STOCK",IF(AND($F100>0,$E100<=$F100*0.2),"LOW STOCK","IN STOCK"))
A101: 7212/0113 | B101: 2 WAY 2.8 SSC FEM HSG | C101: NO | D101: M-4 | E101: =SUMIFS(Movements!$D$2:$D$20000,Movements!$B$2:$B$20000,$A101,Movements!$C$2:$C$20000,"RECEIPT")+SUMIFS(Movements!$D$2:$D$20000,Movements!$B$2:$B$20000,$A101,Movements!$C$2:$C$20000,"RETURN")+SUMIFS(Movements!$D$2:$D$20000,Movements!$B$2:$B$20000,$A101,Movements!$C$2:$C$20000,"ADJUST+")-SUMIFS(Movements!$D$2:$D$20000,Movements!$B$2:$B$20000,$A101,Movements!$C$2:$C$20000,"ISSUE")-SUMIFS(Movements!$D$2:$D$20000,Movements!$B$2:$B$20000,$A101,Movements!$C$2:$C$20000,"SCRAP")-SUMIFS(Movements!$D$2:$D$20000,Movements!$B$2:$B$20000,$A101,Movements!$C$2:$C$20000,"ADJUST-") | F101: 25 | G101: =IF($E101<=0,"OUT OF STOCK",IF(AND($F101>0,$E101<=$F101*0.2),"LOW STOCK","IN STOCK"))
A102: 7213/0080 | B102: 3 Way HPSL FEM HSG Brown | C102: NO | D102: D2-2 | E102: =SUMIFS(Movements!$D$2:$D$20000,Movements!$B$2:$B$20000,$A102,Movements!$C$2:$C$20000,"RECEIPT")+SUMIFS(Movements!$D$2:$D$20000,Movements!$B$2:$B$20000,$A102,Movements!$C$2:$C$20000,"RETURN")+SUMIFS(Movements!$D$2:$D$20000,Movements!$B$2:$B$20000,$A102,Movements!$C$2:$C$20000,"ADJUST+")-SUMIFS(Movements!$D$2:$D$20000,Movements!$B$2:$B$20000,$A102,Movements!$C$2:$C$20000,"ISSUE")-SUMIFS(Movements!$D$2:$D$20000,Movements!$B$2:$B$20000,$A102,Movements!$C$2:$C$20000,"SCRAP")-SUMIFS(Movements!$D$2:$D$20000,Movements!$B$2:$B$20000,$A102,Movements!$C$2:$C$20000,"ADJUST-") | F102: 10 | G102: =IF($E102<=0,"OUT OF STOCK",IF(AND($F102>0,$E102<=$F102*0.2),"LOW STOCK","IN STOCK"))
A103: 7214/0034 | B103: 4 Way DTP06 Socket Housing | C103: NO | D103: EMC-05 | E103: =SUMIFS(Movements!$D$2:$D$20000,Movements!$B$2:$B$20000,$A103,Movements!$C$2:$C$20000,"RECEIPT")+SUMIFS(Movements!$D$2:$D$20000,Movements!$B$2:$B$20000,$A103,Movements!$C$2:$C$20000,"RETURN")+SUMIFS(Movements!$D$2:$D$20000,Movements!$B$2:$B$20000,$A103,Movements!$C$2:$C$20000,"ADJUST+")-SUMIFS(Movements!$D$2:$D$20000,Movements!$B$2:$B$20000,$A103,Movements!$C$2:$C$20000,"ISSUE")-SUMIFS(Movements!$D$2:$D$20000,Movements!$B$2:$B$20000,$A103,Movements!$C$2:$C$20000,"SCRAP")-SUMIFS(Movements!$D$2:$D$20000,Movements!$B$2:$B$20000,$A103,Movements!$C$2:$C$20000,"ADJUST-") | F103: 10 | G103: =IF($E103<=0,"OUT OF STOCK",IF(AND($F103>0,$E103<=$F103*0.2),"LOW STOCK","IN STOCK"))
A104: 7218/0087 | B104: 8 WAY MX150 HYBRID SKT HS | C104: NO | D104: L-5 | E104: =SUMIFS(Movements!$D$2:$D$20000,Movements!$B$2:$B$20000,$A104,Movements!$C$2:$C$20000,"RECEIPT")+SUMIFS(Movements!$D$2:$D$20000,Movements!$B$2:$B$20000,$A104,Movements!$C$2:$C$20000,"RETURN")+SUMIFS(Movements!$D$2:$D$20000,Movements!$B$2:$B$20000,$A104,Movements!$C$2:$C$20000,"ADJUST+")-SUMIFS(Movements!$D$2:$D$20000,Movements!$B$2:$B$20000,$A104,Movements!$C$2:$C$20000,"ISSUE")-SUMIFS(Movements!$D$2:$D$20000,Movements!$B$2:$B$20000,$A104,Movements!$C$2:$C$20000,"SCRAP")-SUMIFS(Movements!$D$2:$D$20000,Movements!$B$2:$B$20000,$A104,Movements!$C$2:$C$20000,"ADJUST-") | F104: 7 | G104: =IF($E104<=0,"OUT OF STOCK",IF(AND($F104>0,$E104<=$F104*0.2),"LOW STOCK","IN STOCK"))
A105: 7212/0002 | B105: 2 Way HW090 Pin Housing | C105: NO | D105: D2-2 | E105: =SUMIFS(Movements!$D$2:$D$20000,Movements!$B$2:$B$20000,$A105,Movements!$C$2:$C$20000,"RECEIPT")+SUMIFS(Movements!$D$2:$D$20000,Movements!$B$2:$B$20000,$A105,Movements!$C$2:$C$20000,"RETURN")+SUMIFS(Movements!$D$2:$D$20000,Movements!$B$2:$B$20000,$A105,Movements!$C$2:$C$20000,"ADJUST+")-SUMIFS(Movements!$D$2:$D$20000,Movements!$B$2:$B$20000,$A105,Movements!$C$2:$C$20000,"ISSUE")-SUMIFS(Movements!$D$2:$D$20000,Movements!$B$2:$B$20000,$A105,Movements!$C$2:$C$20000,"SCRAP")-SUMIFS(Movements!$D$2:$D$20000,Movements!$B$2:$B$20000,$A105,Movements!$C$2:$C$20000,"ADJUST-") | F105: 27 | G105: =IF($E105<=0,"OUT OF STOCK",IF(AND($F105>0,$E105<=$F105*0.2),"LOW STOCK","IN STOCK"))
A106: 7219/0272 | B106: 47 Way HDP free skt housing L017 | C106: NO | D106: EMC-05 | E106: =SUMIFS(Movements!$D$2:$D$20000,Movements!$B$2:$B$20000,$A106,Movements!$C$2:$C$20000,"RECEIPT")+SUMIFS(Movements!$D$2:$D$20000,Movements!$B$2:$B$20000,$A106,Movements!$C$2:$C$20000,"RETURN")+SUMIFS(Movements!$D$2:$D$20000,Movements!$B$2:$B$20000,$A106,Movements!$C$2:$C$20000,"ADJUST+")-SUMIFS(Movements!$D$2:$D$20000,Movements!$B$2:$B$20000,$A106,Movements!$C$2:$C$20000,"ISSUE")-SUMIFS(Movements!$D$2:$D$20000,Movements!$B$2:$B$20000,$A106,Movements!$C$2:$C$20000,"SCRAP")-SUMIFS(Movements!$D$2:$D$20000,Movements!$B$2:$B$20000,$A106,Movements!$C$2:$C$20000,"ADJUST-") | F106: 15 | G106: =IF($E106<=0,"OUT OF STOCK",IF(AND($F106>0,$E106<=$F106*0.2),"LOW STOCK","IN STOCK"))
A107: 7210/0052 | B107: Cavity Plug DT 20 Red | C107: NO | D107: seal box | E107: =SUMIFS(Movements!$D$2:$D$20000,Movements!$B$2:$B$20000,$A107,Movements!$C$2:$C$20000,"RECEIPT")+SUMIFS(Movements!$D$2:$D$20000,Movements!$B$2:$B$20000,$A107,Movements!$C$2:$C$20000,"RETURN")+SUMIFS(Movements!$D$2:$D$20000,Movements!$B$2:$B$20000,$A107,Movements!$C$2:$C$20000,"ADJUST+")-SUMIFS(Movements!$D$2:$D$20000,Movements!$B$2:$B$20000,$A107,Movements!$C$2:$C$20000,"ISSUE")-SUMIFS(Movements!$D$2:$D$20000,Movements!$B$2:$B$20000,$A107,Movements!$C$2:$C$20000,"SCRAP")-SUMIFS(Movements!$D$2:$D$20000,Movements!$B$2:$B$20000,$A107,Movements!$C$2:$C$20000,"ADJUST-") | F107: 150 | G107: =IF($E107<=0,"OUT OF STOCK",IF(AND($F107>0,$E107<=$F107*0.2),"LOW STOCK","IN STOCK"))
A108: 7243/0784 | B108: BOOT HD30 180 DEG -Rev.Lel.-01 | C108: NO | D108: BIN-3-07 | E108: =SUMIFS(Movements!$D$2:$D$20000,Movements!$B$2:$B$20000,$A108,Movements!$C$2:$C$20000,"RECEIPT")+SUMIFS(Movements!$D$2:$D$20000,Movements!$B$2:$B$20000,$A108,Movements!$C$2:$C$20000,"RETURN")+SUMIFS(Movements!$D$2:$D$20000,Movements!$B$2:$B$20000,$A108,Movements!$C$2:$C$20000,"ADJUST+")-SUMIFS(Movements!$D$2:$D$20000,Movements!$B$2:$B$20000,$A108,Movements!$C$2:$C$20000,"ISSUE")-SUMIFS(Movements!$D$2:$D$20000,Movements!$B$2:$B$20000,$A108,Movements!$C$2:$C$20000,"SCRAP")-SUMIFS(Movements!$D$2:$D$20000,Movements!$B$2:$B$20000,$A108,Movements!$C$2:$C$20000,"ADJUST-") | F108: 2 | G108: =IF($E108<=0,"OUT OF STOCK",IF(AND($F108>0,$E108<=$F108*0.2),"LOW STOCK","IN STOCK"))
A109: 7213/0024 | B109: 3 Way Superseal Recept Housing | C109: NO | D109: D2-1 | E109: =SUMIFS(Movements!$D$2:$D$20000,Movements!$B$2:$B$20000,$A109,Movements!$C$2:$C$20000,"RECEIPT")+SUMIFS(Movements!$D$2:$D$20000,Movements!$B$2:$B$20000,$A109,Movements!$C$2:$C$20000,"RETURN")+SUMIFS(Movements!$D$2:$D$20000,Movements!$B$2:$B$20000,$A109,Movements!$C$2:$C$20000,"ADJUST+")-SUMIFS(Movements!$D$2:$D$20000,Movements!$B$2:$B$20000,$A109,Movements!$C$2:$C$20000,"ISSUE")-SUMIFS(Movements!$D$2:$D$20000,Movements!$B$2:$B$20000,$A109,Movements!$C$2:$C$20000,"SCRAP")-SUMIFS(Movements!$D$2:$D$20000,Movements!$B$2:$B$20000,$A109,Movements!$C$2:$C$20000,"ADJUST-") | F109: 10 | G109: =IF($E109<=0,"OUT OF STOCK",IF(AND($F109>0,$E109<=$F109*0.2),"LOW STOCK","IN STOCK"))
A110: 7216/0029 | B110: 6 WAY SUPERSEAL RECEPT HOUSING | C110: NO | D110: L-15 | E110: =SUMIFS(Movements!$D$2:$D$20000,Movements!$B$2:$B$20000,$A110,Movements!$C$2:$C$20000,"RECEIPT")+SUMIFS(Movements!$D$2:$D$20000,Movements!$B$2:$B$20000,$A110,Movements!$C$2:$C$20000,"RETURN")+SUMIFS(Movements!$D$2:$D$20000,Movements!$B$2:$B$20000,$A110,Movements!$C$2:$C$20000,"ADJUST+")-SUMIFS(Movements!$D$2:$D$20000,Movements!$B$2:$B$20000,$A110,Movements!$C$2:$C$20000,"ISSUE")-SUMIFS(Movements!$D$2:$D$20000,Movements!$B$2:$B$20000,$A110,Movements!$C$2:$C$20000,"SCRAP")-SUMIFS(Movements!$D$2:$D$20000,Movements!$B$2:$B$20000,$A110,Movements!$C$2:$C$20000,"ADJUST-") | F110: 10 | G110: =IF($E110<=0,"OUT OF STOCK",IF(AND($F110>0,$E110<=$F110*0.2),"LOW STOCK","IN STOCK"))
A111: 7201/0095 | B111: 0.30-0.50mm² Socket Terminal Superseal | C111: NO | D111: L-7 | E111: =SUMIFS(Movements!$D$2:$D$20000,Movements!$B$2:$B$20000,$A111,Movements!$C$2:$C$20000,"RECEIPT")+SUMIFS(Movements!$D$2:$D$20000,Movements!$B$2:$B$20000,$A111,Movements!$C$2:$C$20000,"RETURN")+SUMIFS(Movements!$D$2:$D$20000,Movements!$B$2:$B$20000,$A111,Movements!$C$2:$C$20000,"ADJUST+")-SUMIFS(Movements!$D$2:$D$20000,Movements!$B$2:$B$20000,$A111,Movements!$C$2:$C$20000,"ISSUE")-SUMIFS(Movements!$D$2:$D$20000,Movements!$B$2:$B$20000,$A111,Movements!$C$2:$C$20000,"SCRAP")-SUMIFS(Movements!$D$2:$D$20000,Movements!$B$2:$B$20000,$A111,Movements!$C$2:$C$20000,"ADJUST-") | F111: 100 | G111: =IF($E111<=0,"OUT OF STOCK",IF(AND($F111>0,$E111<=$F111*0.2),"LOW STOCK","IN STOCK"))
A112: 7219/0040 | B112: Housing pin9 way Deutsch | C112: NO | E112: =SUMIFS(Movements!$D$2:$D$20000,Movements!$B$2:$B$20000,$A112,Movements!$C$2:$C$20000,"RECEIPT")+SUMIFS(Movements!$D$2:$D$20000,Movements!$B$2:$B$20000,$A112,Movements!$C$2:$C$20000,"RETURN")+SUMIFS(Movements!$D$2:$D$20000,Movements!$B$2:$B$20000,$A112,Movements!$C$2:$C$20000,"ADJUST+")-SUMIFS(Movements!$D$2:$D$20000,Movements!$B$2:$B$20000,$A112,Movements!$C$2:$C$20000,"ISSUE")-SUMIFS(Movements!$D$2:$D$20000,Movements!$B$2:$B$20000,$A112,Movements!$C$2:$C$20000,"SCRAP")-SUMIFS(Movements!$D$2:$D$20000,Movements!$B$2:$B$20000,$A112,Movements!$C$2:$C$20000,"ADJUST-") | F112: 3 | G112: =IF($E112<=0,"OUT OF STOCK",IF(AND($F112>0,$E112<=$F112*0.2),"LOW STOCK","IN STOCK"))
A113: 7204/0028 | B113: 0.75-2.0 DT Size 16 Pin Term Nickel OD 1.91-3.56 | C113: NO | D113: L-8 | E113: =SUMIFS(Movements!$D$2:$D$20000,Movements!$B$2:$B$20000,$A113,Movements!$C$2:$C$20000,"RECEIPT")+SUMIFS(Movements!$D$2:$D$20000,Movements!$B$2:$B$20000,$A113,Movements!$C$2:$C$20000,"RETURN")+SUMIFS(Movements!$D$2:$D$20000,Movements!$B$2:$B$20000,$A113,Movements!$C$2:$C$20000,"ADJUST+")-SUMIFS(Movements!$D$2:$D$20000,Movements!$B$2:$B$20000,$A113,Movements!$C$2:$C$20000,"ISSUE")-SUMIFS(Movements!$D$2:$D$20000,Movements!$B$2:$B$20000,$A113,Movements!$C$2:$C$20000,"SCRAP")-SUMIFS(Movements!$D$2:$D$20000,Movements!$B$2:$B$20000,$A113,Movements!$C$2:$C$20000,"ADJUST-") | F113: 100 | G113: =IF($E113<=0,"OUT OF STOCK",IF(AND($F113>0,$E113<=$F113*0.2),"LOW STOCK","IN STOCK"))
A114: 7243/0643 | B114: HD10 BACKSHELL SIZE 9 | C114: NO | E114: =SUMIFS(Movements!$D$2:$D$20000,Movements!$B$2:$B$20000,$A114,Movements!$C$2:$C$20000,"RECEIPT")+SUMIFS(Movements!$D$2:$D$20000,Movements!$B$2:$B$20000,$A114,Movements!$C$2:$C$20000,"RETURN")+SUMIFS(Movements!$D$2:$D$20000,Movements!$B$2:$B$20000,$A114,Movements!$C$2:$C$20000,"ADJUST+")-SUMIFS(Movements!$D$2:$D$20000,Movements!$B$2:$B$20000,$A114,Movements!$C$2:$C$20000,"ISSUE")-SUMIFS(Movements!$D$2:$D$20000,Movements!$B$2:$B$20000,$A114,Movements!$C$2:$C$20000,"SCRAP")-SUMIFS(Movements!$D$2:$D$20000,Movements!$B$2:$B$20000,$A114,Movements!$C$2:$C$20000,"ADJUST-") | F114: 5 | G114: =IF($E114<=0,"OUT OF STOCK",IF(AND($F114>0,$E114<=$F114*0.2),"LOW STOCK","IN STOCK"))
A115: 7204/0029 | B115: 0.50-1.50 DT Size 20 Socket Terminal Nickel | C115: NO | D115: L-7 | E115: =SUMIFS(Movements!$D$2:$D$20000,Movements!$B$2:$B$20000,$A115,Movements!$C$2:$C$20000,"RECEIPT")+SUMIFS(Movements!$D$2:$D$20000,Movements!$B$2:$B$20000,$A115,Movements!$C$2:$C$20000,"RETURN")+SUMIFS(Movements!$D$2:$D$20000,Movements!$B$2:$B$20000,$A115,Movements!$C$2:$C$20000,"ADJUST+")-SUMIFS(Movements!$D$2:$D$20000,Movements!$B$2:$B$20000,$A115,Movements!$C$2:$C$20000,"ISSUE")-SUMIFS(Movements!$D$2:$D$20000,Movements!$B$2:$B$20000,$A115,Movements!$C$2:$C$20000,"SCRAP")-SUMIFS(Movements!$D$2:$D$20000,Movements!$B$2:$B$20000,$A115,Movements!$C$2:$C$20000,"ADJUST-") | F115: 150 | G115: =IF($E115<=0,"OUT OF STOCK",IF(AND($F115>0,$E115<=$F115*0.2),"LOW STOCK","IN STOCK"))
A116: 7210/0030 | B116: CAVITY PLUG DEUTSCH 12-16 -Rev.Lel.-02 | C116: NO | D116: L-18 | E116: =SUMIFS(Movements!$D$2:$D$20000,Movements!$B$2:$B$20000,$A116,Movements!$C$2:$C$20000,"RECEIPT")+SUMIFS(Movements!$D$2:$D$20000,Movements!$B$2:$B$20000,$A116,Movements!$C$2:$C$20000,"RETURN")+SUMIFS(Movements!$D$2:$D$20000,Movements!$B$2:$B$20000,$A116,Movements!$C$2:$C$20000,"ADJUST+")-SUMIFS(Movements!$D$2:$D$20000,Movements!$B$2:$B$20000,$A116,Movements!$C$2:$C$20000,"ISSUE")-SUMIFS(Movements!$D$2:$D$20000,Movements!$B$2:$B$20000,$A116,Movements!$C$2:$C$20000,"SCRAP")-SUMIFS(Movements!$D$2:$D$20000,Movements!$B$2:$B$20000,$A116,Movements!$C$2:$C$20000,"ADJUST-") | F116: 200 | G116: =IF($E116<=0,"OUT OF STOCK",IF(AND($F116>0,$E116<=$F116*0.2),"LOW STOCK","IN STOCK"))
A117: 727/00002 | B117: 3 Way DT04 CAN Terminating Resistor J1939/11 | C117: NO | D117: EMC-06 | E117: =SUMIFS(Movements!$D$2:$D$20000,Movements!$B$2:$B$20000,$A117,Movements!$C$2:$C$20000,"RECEIPT")+SUMIFS(Movements!$D$2:$D$20000,Movements!$B$2:$B$20000,$A117,Movements!$C$2:$C$20000,"RETURN")+SUMIFS(Movements!$D$2:$D$20000,Movements!$B$2:$B$20000,$A117,Movements!$C$2:$C$20000,"ADJUST+")-SUMIFS(Movements!$D$2:$D$20000,Movements!$B$2:$B$20000,$A117,Movements!$C$2:$C$20000,"ISSUE")-SUMIFS(Movements!$D$2:$D$20000,Movements!$B$2:$B$20000,$A117,Movements!$C$2:$C$20000,"SCRAP")-SUMIFS(Movements!$D$2:$D$20000,Movements!$B$2:$B$20000,$A117,Movements!$C$2:$C$20000,"ADJUST-") | F117: 14 | G117: =IF($E117<=0,"OUT OF STOCK",IF(AND($F117>0,$E117<=$F117*0.2),"LOW STOCK","IN STOCK"))
A118: 7243/0002 | B118: 2 WAY DT90 Deg Adaptor NC08 | C118: NO | D118: L-18 | E118: =SUMIFS(Movements!$D$2:$D$20000,Movements!$B$2:$B$20000,$A118,Movements!$C$2:$C$20000,"RECEIPT")+SUMIFS(Movements!$D$2:$D$20000,Movements!$B$2:$B$20000,$A118,Movements!$C$2:$C$20000,"RETURN")+SUMIFS(Movements!$D$2:$D$20000,Movements!$B$2:$B$20000,$A118,Movements!$C$2:$C$20000,"ADJUST+")-SUMIFS(Movements!$D$2:$D$20000,Movements!$B$2:$B$20000,$A118,Movements!$C$2:$C$20000,"ISSUE")-SUMIFS(Movements!$D$2:$D$20000,Movements!$B$2:$B$20000,$A118,Movements!$C$2:$C$20000,"SCRAP")-SUMIFS(Movements!$D$2:$D$20000,Movements!$B$2:$B$20000,$A118,Movements!$C$2:$C$20000,"ADJUST-") | F118: 14 | G118: =IF($E118<=0,"OUT OF STOCK",IF(AND($F118>0,$E118<=$F118*0.2),"LOW STOCK","IN STOCK"))
A119: 7243/0202 | B119: 2 Way DT06 Adapter 90 Deg NC08 | C119: NO | E119: =SUMIFS(Movements!$D$2:$D$20000,Movements!$B$2:$B$20000,$A119,Movements!$C$2:$C$20000,"RECEIPT")+SUMIFS(Movements!$D$2:$D$20000,Movements!$B$2:$B$20000,$A119,Movements!$C$2:$C$20000,"RETURN")+SUMIFS(Movements!$D$2:$D$20000,Movements!$B$2:$B$20000,$A119,Movements!$C$2:$C$20000,"ADJUST+")-SUMIFS(Movements!$D$2:$D$20000,Movements!$B$2:$B$20000,$A119,Movements!$C$2:$C$20000,"ISSUE")-SUMIFS(Movements!$D$2:$D$20000,Movements!$B$2:$B$20000,$A119,Movements!$C$2:$C$20000,"SCRAP")-SUMIFS(Movements!$D$2:$D$20000,Movements!$B$2:$B$20000,$A119,Movements!$C$2:$C$20000,"ADJUST-") | F119: 7 | G119: =IF($E119<=0,"OUT OF STOCK",IF(AND($F119>0,$E119<=$F119*0.2),"LOW STOCK","IN STOCK"))
A120: 7243/0203 | B120: 2 Way DT06 Adapter 90 Deg NC8-NC12 | C120: NO | D120: L-18 | E120: =SUMIFS(Movements!$D$2:$D$20000,Movements!$B$2:$B$20000,$A120,Movements!$C$2:$C$20000,"RECEIPT")+SUMIFS(Movements!$D$2:$D$20000,Movements!$B$2:$B$20000,$A120,Movements!$C$2:$C$20000,"RETURN")+SUMIFS(Movements!$D$2:$D$20000,Movements!$B$2:$B$20000,$A120,Movements!$C$2:$C$20000,"ADJUST+")-SUMIFS(Movements!$D$2:$D$20000,Movements!$B$2:$B$20000,$A120,Movements!$C$2:$C$20000,"ISSUE")-SUMIFS(Movements!$D$2:$D$20000,Movements!$B$2:$B$20000,$A120,Movements!$C$2:$C$20000,"SCRAP")-SUMIFS(Movements!$D$2:$D$20000,Movements!$B$2:$B$20000,$A120,Movements!$C$2:$C$20000,"ADJUST-") | F120: 7 | G120: =IF($E120<=0,"OUT OF STOCK",IF(AND($F120>0,$E120<=$F120*0.2),"LOW STOCK","IN STOCK"))
A121: 7212/0013 | B121: 2 Way Junior Power Timer Housing | C121: NO | D121: L-1 | E121: =SUMIFS(Movements!$D$2:$D$20000,Movements!$B$2:$B$20000,$A121,Movements!$C$2:$C$20000,"RECEIPT")+SUMIFS(Movements!$D$2:$D$20000,Movements!$B$2:$B$20000,$A121,Movements!$C$2:$C$20000,"RETURN")+SUMIFS(Movements!$D$2:$D$20000,Movements!$B$2:$B$20000,$A121,Movements!$C$2:$C$20000,"ADJUST+")-SUMIFS(Movements!$D$2:$D$20000,Movements!$B$2:$B$20000,$A121,Movements!$C$2:$C$20000,"ISSUE")-SUMIFS(Movements!$D$2:$D$20000,Movements!$B$2:$B$20000,$A121,Movements!$C$2:$C$20000,"SCRAP")-SUMIFS(Movements!$D$2:$D$20000,Movements!$B$2:$B$20000,$A121,Movements!$C$2:$C$20000,"ADJUST-") | F121: 27 | G121: =IF($E121<=0,"OUT OF STOCK",IF(AND($F121>0,$E121<=$F121*0.2),"LOW STOCK","IN STOCK"))
A122: 7232/0024 | B122: 2WAY UNSEALED FEM HSG H F/L305-2PF | C122: NO | E122: =SUMIFS(Movements!$D$2:$D$20000,Movements!$B$2:$B$20000,$A122,Movements!$C$2:$C$20000,"RECEIPT")+SUMIFS(Movements!$D$2:$D$20000,Movements!$B$2:$B$20000,$A122,Movements!$C$2:$C$20000,"RETURN")+SUMIFS(Movements!$D$2:$D$20000,Movements!$B$2:$B$20000,$A122,Movements!$C$2:$C$20000,"ADJUST+")-SUMIFS(Movements!$D$2:$D$20000,Movements!$B$2:$B$20000,$A122,Movements!$C$2:$C$20000,"ISSUE")-SUMIFS(Movements!$D$2:$D$20000,Movements!$B$2:$B$20000,$A122,Movements!$C$2:$C$20000,"SCRAP")-SUMIFS(Movements!$D$2:$D$20000,Movements!$B$2:$B$20000,$A122,Movements!$C$2:$C$20000,"ADJUST-") | F122: 7 | G122: =IF($E122<=0,"OUT OF STOCK",IF(AND($F122>0,$E122<=$F122*0.2),"LOW STOCK","IN STOCK"))
A123: 7213/0015 | B123: 3 WAY DT06 SOC HSG NO END CAP | C123: NO | D123: S-1 | E123: =SUMIFS(Movements!$D$2:$D$20000,Movements!$B$2:$B$20000,$A123,Movements!$C$2:$C$20000,"RECEIPT")+SUMIFS(Movements!$D$2:$D$20000,Movements!$B$2:$B$20000,$A123,Movements!$C$2:$C$20000,"RETURN")+SUMIFS(Movements!$D$2:$D$20000,Movements!$B$2:$B$20000,$A123,Movements!$C$2:$C$20000,"ADJUST+")-SUMIFS(Movements!$D$2:$D$20000,Movements!$B$2:$B$20000,$A123,Movements!$C$2:$C$20000,"ISSUE")-SUMIFS(Movements!$D$2:$D$20000,Movements!$B$2:$B$20000,$A123,Movements!$C$2:$C$20000,"SCRAP")-SUMIFS(Movements!$D$2:$D$20000,Movements!$B$2:$B$20000,$A123,Movements!$C$2:$C$20000,"ADJUST-") | F123: 34 | G123: =IF($E123<=0,"OUT OF STOCK",IF(AND($F123>0,$E123<=$F123*0.2),"LOW STOCK","IN STOCK"))
A124: 7219/0098 | B124: Housing 9 Way Male Jam Nut Diagnostic | C124: NO | D124: L-5 | E124: =SUMIFS(Movements!$D$2:$D$20000,Movements!$B$2:$B$20000,$A124,Movements!$C$2:$C$20000,"RECEIPT")+SUMIFS(Movements!$D$2:$D$20000,Movements!$B$2:$B$20000,$A124,Movements!$C$2:$C$20000,"RETURN")+SUMIFS(Movements!$D$2:$D$20000,Movements!$B$2:$B$20000,$A124,Movements!$C$2:$C$20000,"ADJUST+")-SUMIFS(Movements!$D$2:$D$20000,Movements!$B$2:$B$20000,$A124,Movements!$C$2:$C$20000,"ISSUE")-SUMIFS(Movements!$D$2:$D$20000,Movements!$B$2:$B$20000,$A124,Movements!$C$2:$C$20000,"SCRAP")-SUMIFS(Movements!$D$2:$D$20000,Movements!$B$2:$B$20000,$A124,Movements!$C$2:$C$20000,"ADJUST-") | F124: 7 | G124: =IF($E124<=0,"OUT OF STOCK",IF(AND($F124>0,$E124<=$F124*0.2),"LOW STOCK","IN STOCK"))
A125: 332/C8190 | B125: 20 WAY MX15 SOCKET HOUSING BLACK | C125: NO | D125: BIN-7-04 | E125: =SUMIFS(Movements!$D$2:$D$20000,Movements!$B$2:$B$20000,$A125,Movements!$C$2:$C$20000,"RECEIPT")+SUMIFS(Movements!$D$2:$D$20000,Movements!$B$2:$B$20000,$A125,Movements!$C$2:$C$20000,"RETURN")+SUMIFS(Movements!$D$2:$D$20000,Movements!$B$2:$B$20000,$A125,Movements!$C$2:$C$20000,"ADJUST+")-SUMIFS(Movements!$D$2:$D$20000,Movements!$B$2:$B$20000,$A125,Movements!$C$2:$C$20000,"ISSUE")-SUMIFS(Movements!$D$2:$D$20000,Movements!$B$2:$B$20000,$A125,Movements!$C$2:$C$20000,"SCRAP")-SUMIFS(Movements!$D$2:$D$20000,Movements!$B$2:$B$20000,$A125,Movements!$C$2:$C$20000,"ADJUST-") | F125: 7 | G125: =IF($E125<=0,"OUT OF STOCK",IF(AND($F125>0,$E125<=$F125*0.2),"LOW STOCK","IN STOCK"))
A126: 7214/0001 | B126: 4 Way HW090 Socket Housing | C126: NO | D126: L-2 | E126: =SUMIFS(Movements!$D$2:$D$20000,Movements!$B$2:$B$20000,$A126,Movements!$C$2:$C$20000,"RECEIPT")+SUMIFS(Movements!$D$2:$D$20000,Movements!$B$2:$B$20000,$A126,Movements!$C$2:$C$20000,"RETURN")+SUMIFS(Movements!$D$2:$D$20000,Movements!$B$2:$B$20000,$A126,Movements!$C$2:$C$20000,"ADJUST+")-SUMIFS(Movements!$D$2:$D$20000,Movements!$B$2:$B$20000,$A126,Movements!$C$2:$C$20000,"ISSUE")-SUMIFS(Movements!$D$2:$D$20000,Movements!$B$2:$B$20000,$A126,Movements!$C$2:$C$20000,"SCRAP")-SUMIFS(Movements!$D$2:$D$20000,Movements!$B$2:$B$20000,$A126,Movements!$C$2:$C$20000,"ADJUST-") | F126: 21 | G126: =IF($E126<=0,"OUT OF STOCK",IF(AND($F126>0,$E126<=$F126*0.2),"LOW STOCK","IN STOCK"))
A127: 7216/0059 | B127: 6Way Metripack | C127: NO | E127: =SUMIFS(Movements!$D$2:$D$20000,Movements!$B$2:$B$20000,$A127,Movements!$C$2:$C$20000,"RECEIPT")+SUMIFS(Movements!$D$2:$D$20000,Movements!$B$2:$B$20000,$A127,Movements!$C$2:$C$20000,"RETURN")+SUMIFS(Movements!$D$2:$D$20000,Movements!$B$2:$B$20000,$A127,Movements!$C$2:$C$20000,"ADJUST+")-SUMIFS(Movements!$D$2:$D$20000,Movements!$B$2:$B$20000,$A127,Movements!$C$2:$C$20000,"ISSUE")-SUMIFS(Movements!$D$2:$D$20000,Movements!$B$2:$B$20000,$A127,Movements!$C$2:$C$20000,"SCRAP")-SUMIFS(Movements!$D$2:$D$20000,Movements!$B$2:$B$20000,$A127,Movements!$C$2:$C$20000,"ADJUST-") | F127: 28 | G127: =IF($E127<=0,"OUT OF STOCK",IF(AND($F127>0,$E127<=$F127*0.2),"LOW STOCK","IN STOCK"))
A128: 7219/0016 | B128: 12 WAY DT06 SKT HSG KEY A -Rev.Lel.-02 | C128: NO | D128: M-2 | E128: =SUMIFS(Movements!$D$2:$D$20000,Movements!$B$2:$B$20000,$A128,Movements!$C$2:$C$20000,"RECEIPT")+SUMIFS(Movements!$D$2:$D$20000,Movements!$B$2:$B$20000,$A128,Movements!$C$2:$C$20000,"RETURN")+SUMIFS(Movements!$D$2:$D$20000,Movements!$B$2:$B$20000,$A128,Movements!$C$2:$C$20000,"ADJUST+")-SUMIFS(Movements!$D$2:$D$20000,Movements!$B$2:$B$20000,$A128,Movements!$C$2:$C$20000,"ISSUE")-SUMIFS(Movements!$D$2:$D$20000,Movements!$B$2:$B$20000,$A128,Movements!$C$2:$C$20000,"SCRAP")-SUMIFS(Movements!$D$2:$D$20000,Movements!$B$2:$B$20000,$A128,Movements!$C$2:$C$20000,"ADJUST-") | F128: 7 | G128: =IF($E128<=0,"OUT OF STOCK",IF(AND($F128>0,$E128<=$F128*0.2),"LOW STOCK","IN STOCK"))
A129: 7219/0159 | B129: 20 Way DL 040 Fem Sealed | C129: NO | D129: L-15 | E129: =SUMIFS(Movements!$D$2:$D$20000,Movements!$B$2:$B$20000,$A129,Movements!$C$2:$C$20000,"RECEIPT")+SUMIFS(Movements!$D$2:$D$20000,Movements!$B$2:$B$20000,$A129,Movements!$C$2:$C$20000,"RETURN")+SUMIFS(Movements!$D$2:$D$20000,Movements!$B$2:$B$20000,$A129,Movements!$C$2:$C$20000,"ADJUST+")-SUMIFS(Movements!$D$2:$D$20000,Movements!$B$2:$B$20000,$A129,Movements!$C$2:$C$20000,"ISSUE")-SUMIFS(Movements!$D$2:$D$20000,Movements!$B$2:$B$20000,$A129,Movements!$C$2:$C$20000,"SCRAP")-SUMIFS(Movements!$D$2:$D$20000,Movements!$B$2:$B$20000,$A129,Movements!$C$2:$C$20000,"ADJUST-") | F129: 7 | G129: =IF($E129<=0,"OUT OF STOCK",IF(AND($F129>0,$E129<=$F129*0.2),"LOW STOCK","IN STOCK"))
A130: 7219/0158 | B130: 20 Way DL 040 Male Sealed | C130: F | D130: L-15 | E130: =SUMIFS(Movements!$D$2:$D$20000,Movements!$B$2:$B$20000,$A130,Movements!$C$2:$C$20000,"RECEIPT")+SUMIFS(Movements!$D$2:$D$20000,Movements!$B$2:$B$20000,$A130,Movements!$C$2:$C$20000,"RETURN")+SUMIFS(Movements!$D$2:$D$20000,Movements!$B$2:$B$20000,$A130,Movements!$C$2:$C$20000,"ADJUST+")-SUMIFS(Movements!$D$2:$D$20000,Movements!$B$2:$B$20000,$A130,Movements!$C$2:$C$20000,"ISSUE")-SUMIFS(Movements!$D$2:$D$20000,Movements!$B$2:$B$20000,$A130,Movements!$C$2:$C$20000,"SCRAP")-SUMIFS(Movements!$D$2:$D$20000,Movements!$B$2:$B$20000,$A130,Movements!$C$2:$C$20000,"ADJUST-") | F130: 7 | G130: =IF($E130<=0,"OUT OF STOCK",IF(AND($F130>0,$E130<=$F130*0.2),"LOW STOCK","IN STOCK"))
A131: 7219/0326 | B131: 56 WAY FEM CONN HSG LHS E | C131: NO | D131: L-18 | E131: =SUMIFS(Movements!$D$2:$D$20000,Movements!$B$2:$B$20000,$A131,Movements!$C$2:$C$20000,"RECEIPT")+SUMIFS(Movements!$D$2:$D$20000,Movements!$B$2:$B$20000,$A131,Movements!$C$2:$C$20000,"RETURN")+SUMIFS(Movements!$D$2:$D$20000,Movements!$B$2:$B$20000,$A131,Movements!$C$2:$C$20000,"ADJUST+")-SUMIFS(Movements!$D$2:$D$20000,Movements!$B$2:$B$20000,$A131,Movements!$C$2:$C$20000,"ISSUE")-SUMIFS(Movements!$D$2:$D$20000,Movements!$B$2:$B$20000,$A131,Movements!$C$2:$C$20000,"SCRAP")-SUMIFS(Movements!$D$2:$D$20000,Movements!$B$2:$B$20000,$A131,Movements!$C$2:$C$20000,"ADJUST-") | F131: 7 | G131: =IF($E131<=0,"OUT OF STOCK",IF(AND($F131>0,$E131<=$F131*0.2),"LOW STOCK","IN STOCK"))
A132: 332/E3213 | B132: 20 WAY MX150 SOCKET HOUSING GREY | C132: NO | D132: L-11 | E132: =SUMIFS(Movements!$D$2:$D$20000,Movements!$B$2:$B$20000,$A132,Movements!$C$2:$C$20000,"RECEIPT")+SUMIFS(Movements!$D$2:$D$20000,Movements!$B$2:$B$20000,$A132,Movements!$C$2:$C$20000,"RETURN")+SUMIFS(Movements!$D$2:$D$20000,Movements!$B$2:$B$20000,$A132,Movements!$C$2:$C$20000,"ADJUST+")-SUMIFS(Movements!$D$2:$D$20000,Movements!$B$2:$B$20000,$A132,Movements!$C$2:$C$20000,"ISSUE")-SUMIFS(Movements!$D$2:$D$20000,Movements!$B$2:$B$20000,$A132,Movements!$C$2:$C$20000,"SCRAP")-SUMIFS(Movements!$D$2:$D$20000,Movements!$B$2:$B$20000,$A132,Movements!$C$2:$C$20000,"ADJUST-") | F132: 14 | G132: =IF($E132<=0,"OUT OF STOCK",IF(AND($F132>0,$E132<=$F132*0.2),"LOW STOCK","IN STOCK"))
A133: 7201/0403 | B133: 1 Way Pos Lock Housing Straight | C133: NO | D133: L-6 | E133: =SUMIFS(Movements!$D$2:$D$20000,Movements!$B$2:$B$20000,$A133,Movements!$C$2:$C$20000,"RECEIPT")+SUMIFS(Movements!$D$2:$D$20000,Movements!$B$2:$B$20000,$A133,Movements!$C$2:$C$20000,"RETURN")+SUMIFS(Movements!$D$2:$D$20000,Movements!$B$2:$B$20000,$A133,Movements!$C$2:$C$20000,"ADJUST+")-SUMIFS(Movements!$D$2:$D$20000,Movements!$B$2:$B$20000,$A133,Movements!$C$2:$C$20000,"ISSUE")-SUMIFS(Movements!$D$2:$D$20000,Movements!$B$2:$B$20000,$A133,Movements!$C$2:$C$20000,"SCRAP")-SUMIFS(Movements!$D$2:$D$20000,Movements!$B$2:$B$20000,$A133,Movements!$C$2:$C$20000,"ADJUST-") | F133: 50 | G133: =IF($E133<=0,"OUT OF STOCK",IF(AND($F133>0,$E133<=$F133*0.2),"LOW STOCK","IN STOCK"))
A134: 7204/0408 | B134: 1WAY 6.3 TAB Housing # 4770039160 MSSL | C134: NO | E134: =SUMIFS(Movements!$D$2:$D$20000,Movements!$B$2:$B$20000,$A134,Movements!$C$2:$C$20000,"RECEIPT")+SUMIFS(Movements!$D$2:$D$20000,Movements!$B$2:$B$20000,$A134,Movements!$C$2:$C$20000,"RETURN")+SUMIFS(Movements!$D$2:$D$20000,Movements!$B$2:$B$20000,$A134,Movements!$C$2:$C$20000,"ADJUST+")-SUMIFS(Movements!$D$2:$D$20000,Movements!$B$2:$B$20000,$A134,Movements!$C$2:$C$20000,"ISSUE")-SUMIFS(Movements!$D$2:$D$20000,Movements!$B$2:$B$20000,$A134,Movements!$C$2:$C$20000,"SCRAP")-SUMIFS(Movements!$D$2:$D$20000,Movements!$B$2:$B$20000,$A134,Movements!$C$2:$C$20000,"ADJUST-") | F134: 14 | G134: =IF($E134<=0,"OUT OF STOCK",IF(AND($F134>0,$E134<=$F134*0.2),"LOW STOCK","IN STOCK"))
A135: 7201/0469 | B135: Terminal | C135: NO | D135: L-10 | E135: =SUMIFS(Movements!$D$2:$D$20000,Movements!$B$2:$B$20000,$A135,Movements!$C$2:$C$20000,"RECEIPT")+SUMIFS(Movements!$D$2:$D$20000,Movements!$B$2:$B$20000,$A135,Movements!$C$2:$C$20000,"RETURN")+SUMIFS(Movements!$D$2:$D$20000,Movements!$B$2:$B$20000,$A135,Movements!$C$2:$C$20000,"ADJUST+")-SUMIFS(Movements!$D$2:$D$20000,Movements!$B$2:$B$20000,$A135,Movements!$C$2:$C$20000,"ISSUE")-SUMIFS(Movements!$D$2:$D$20000,Movements!$B$2:$B$20000,$A135,Movements!$C$2:$C$20000,"SCRAP")-SUMIFS(Movements!$D$2:$D$20000,Movements!$B$2:$B$20000,$A135,Movements!$C$2:$C$20000,"ADJUST-") | F135: 100 | G135: =IF($E135<=0,"OUT OF STOCK",IF(AND($F135>0,$E135<=$F135*0.2),"LOW STOCK","IN STOCK"))
A136: 7201/0465 | B136: 6.3 Fem Fastin Faston 2.6-4.0 Dimple | C136: NO | D136: L-5 | E136: =SUMIFS(Movements!$D$2:$D$20000,Movements!$B$2:$B$20000,$A136,Movements!$C$2:$C$20000,"RECEIPT")+SUMIFS(Movements!$D$2:$D$20000,Movements!$B$2:$B$20000,$A136,Movements!$C$2:$C$20000,"RETURN")+SUMIFS(Movements!$D$2:$D$20000,Movements!$B$2:$B$20000,$A136,Movements!$C$2:$C$20000,"ADJUST+")-SUMIFS(Movements!$D$2:$D$20000,Movements!$B$2:$B$20000,$A136,Movements!$C$2:$C$20000,"ISSUE")-SUMIFS(Movements!$D$2:$D$20000,Movements!$B$2:$B$20000,$A136,Movements!$C$2:$C$20000,"SCRAP")-SUMIFS(Movements!$D$2:$D$20000,Movements!$B$2:$B$20000,$A136,Movements!$C$2:$C$20000,"ADJUST-") | F136: 5 | G136: =IF($E136<=0,"OUT OF STOCK",IF(AND($F136>0,$E136<=$F136*0.2),"LOW STOCK","IN STOCK"))
A137: 7201/0451 | B137: 6.3MM FASTIN TRML (0.5-1.0 CSA) -Rev.Lel.-02 | C137: NO | D137: L-5 | E137: =SUMIFS(Movements!$D$2:$D$20000,Movements!$B$2:$B$20000,$A137,Movements!$C$2:$C$20000,"RECEIPT")+SUMIFS(Movements!$D$2:$D$20000,Movements!$B$2:$B$20000,$A137,Movements!$C$2:$C$20000,"RETURN")+SUMIFS(Movements!$D$2:$D$20000,Movements!$B$2:$B$20000,$A137,Movements!$C$2:$C$20000,"ADJUST+")-SUMIFS(Movements!$D$2:$D$20000,Movements!$B$2:$B$20000,$A137,Movements!$C$2:$C$20000,"ISSUE")-SUMIFS(Movements!$D$2:$D$20000,Movements!$B$2:$B$20000,$A137,Movements!$C$2:$C$20000,"SCRAP")-SUMIFS(Movements!$D$2:$D$20000,Movements!$B$2:$B$20000,$A137,Movements!$C$2:$C$20000,"ADJUST-") | F137: 125 | G137: =IF($E137<=0,"OUT OF STOCK",IF(AND($F137>0,$E137<=$F137*0.2),"LOW STOCK","IN STOCK"))
A138: 7201/0155 | B138: 0.5-0.75 Fem Term Mini Recpt | C138: NO | D138: L-7 | E138: =SUMIFS(Movements!$D$2:$D$20000,Movements!$B$2:$B$20000,$A138,Movements!$C$2:$C$20000,"RECEIPT")+SUMIFS(Movements!$D$2:$D$20000,Movements!$B$2:$B$20000,$A138,Movements!$C$2:$C$20000,"RETURN")+SUMIFS(Movements!$D$2:$D$20000,Movements!$B$2:$B$20000,$A138,Movements!$C$2:$C$20000,"ADJUST+")-SUMIFS(Movements!$D$2:$D$20000,Movements!$B$2:$B$20000,$A138,Movements!$C$2:$C$20000,"ISSUE")-SUMIFS(Movements!$D$2:$D$20000,Movements!$B$2:$B$20000,$A138,Movements!$C$2:$C$20000,"SCRAP")-SUMIFS(Movements!$D$2:$D$20000,Movements!$B$2:$B$20000,$A138,Movements!$C$2:$C$20000,"ADJUST-") | F138: 110 | G138: =IF($E138<=0,"OUT OF STOCK",IF(AND($F138>0,$E138<=$F138*0.2),"LOW STOCK","IN STOCK"))
...

Sheet Users
A1: Username | B1: FullName | C1: Role | D1: BusinessUnit | E1: Password | F1: PasswordSetOn | G1: Email
A2: gaurav.shelke | B2: Gaurav Shelke | C2: Lab Lead | D2: EDS
A3: abhijit.dubey | B3: Abhijit Dubey | C3: Lab Admin | D3: BHL INDIA
A4: akshay.aadarsh | B4: Akshay Aadarsh | C4: Engineer | D4: BHL INDIA
A5: akshay.gorakhnath.shejul | B5: Akshay Gorakhnath Shejul | C5: Engineer | D5: BHL INDIA
A6: akshay.kakde | B6: Akshay Kakde | C6: Engineer | D6: BHL INDIA
A7: akshay.pawar | B7: Akshay Pawar | C7: Lab Admin | D7: BHL INDIA
A8: akshay.powar | B8: Akshay Powar | C8: Engineer | D8: BHL INDIA
A9: akshay.rodge | B9: Akshay Rodge | C9: Engineer | D9: BHL INDIA
A10: akshay.titre | B10: Akshay Titre | C10: Engineer | D10: BHL INDIA
A11: alpesh.kumbhar | B11: Alpesh Kumbhar | C11: Engineer | D11: BHL INDIA
A12: amol.savatkar | B12: Amol Savatkar | C12: Engineer | D12: BHL INDIA
A13: anan.jadhav | B13: Anan Jadhav | C13: Engineer | D13: BHL INDIA
... A98: hod.eds | B98: S. Khanduri | C98: Manager | D98: EDS

Sheet Settings
A1: Key | B1: Value | C1: Notes
A2: LowStockPct_Connector | B2: 25 | C2: Connector is LOW when this % or less of ReorderRefQty remains
A3: LowStockPct_Terminal | B3: 20 | C3: Terminal is LOW when this % or less remains
A4: LowStockPct_Default | B4: 20 | C4: All other categories
A5: ReservationExpiryDays | B5: 14 | C5: Reserved stock is released back after this many days
A6: AutoRefreshSeconds | B6: 10 | C6: How often the portal checks this file for changes
A7: OpeningStockCountedOn | C7: Fill in the date you physically counted stock
A8: LabName | B8: JCB EDS Lab, Pune
A9: SupportContact | C9: Who people contact if the portal will not open
A10: HarnessAssemblyCostPerCircuit | B10: 0 | C10: SAMPLE — fill your real ₹ per circuit assembly rate (see Job Card / BUSINESS DECISION REQUIRED)
A11: TransportCostFlat | B11: 200 | C11: SAMPLE — flat transport cost added to every Job Card, in INR
A12: PRPOApprovalLevels | B12: 1 | C12: How many sign-offs a PR/PO needs before Approved. BUSINESS DECISION REQUIRED — set to your real number
A13: ExcelPartRows | B13: =ROWS(tblParts) | C13: Data Health: rows in Parts, counted by Excel. Do not edit.
A14: ExcelMovementRows | B14: =ROWS(tblMoves) | C14: Data Health: rows in Movements, counted by Excel. Do not edit.
A15: ExcelStockTotal | B15: =SUMPRODUCT((tblMoves[Type]="RECEIPT")+(tblMoves[Type]="RETURN")+(tblMoves[Type]="ADJUST+")-(tblMoves[Type]="ISSUE")-(tblMoves[Type]="SCRAP")-(tblMoves[Type]="ADJUST-"),ABS(tblMoves[Qty])) | C15: Data Health: total stock of all parts = signed sum of Movements. Do not edit.

Sheet Procurement
A1: PRNumber | B1: Department | C1: Summary | D1: ServiceType | E1: Qty | F1: DateRaised | G1: RaisedBy | H1: ApprovedBy | I1: ApprovedDate | J1: PONumber | K1: Vendor | L1: POAmount | M1: Stage | N1: PODate | O1: DeliveredDate | P1: Notes | Q1: PRAmount | R1: InvestmentType | S1: POApprovedDate | T1: Ownership | U1: POCopyPath
A2: 800011175 | B2: EDS | C2: 32 CHANNEL RELAY | D2: MATERIAL | E2: 1 | F2: 46027 | M2: PR RAISED
A3: 800011158 | B3: EDS | C3: GEAR COMPONENTS | D3: MATERIAL | E3: 1 | F3: 46027 | M3: PR RAISED
A4: 800011128 | B4: EDS | C4: AUTOMOTIVE TRAINING | D4: SERVICE | E4: 1 | F4: 46027 | M4: DELIVERED (CLOSED)
A5: 800011096 | B5: EDS | C5: WIRE WITH BOBBIN | D5: MATERIAL | E5: 1 | F5: 46027 | M5: PR RAISED
A6: 800011192 | B6: EDS | C6: CLOTH TAPE | D6: MATERIAL | E6: 1 | F6: 46027 | M6: PR RAISED
A7: SAMPLE-PR | B7: SAMPLE | C7: SAMPLE row (keeps column types) | D7: MATERIAL | E7: 1 | F7: 46023.5 | G7: SAMPLE | H7: SAMPLE | I7: 46023.5 | J7: SAMPLE-PO | K7: SAMPLE | L7: 0.5 | M7: REJECTED | N7: 46023.5 | O7: 46023.5 | P7: SAMPLE | Q7: 0.5 | R7: Opex | S7: 46023.5 | T7: SAMPLE | U7: SAMPLE

Sheet Licenses
A1: SoftwareName | B1: Vendor | C1: LicenseType | D1: SeatsTotal | E1: SeatsInUse | F1: ExpiryDate | G1: AnnualCost | H1: Status | I1: Notes
A2: WinCC Professional | B2: Siemens | C2: Perpetual + SUS | D2: 4 | E2: 4 | F2: 46182 | G2: 422000 | H2: =IF($F2="","",IF($F2<TODAY(),"Expired",IF($F2<=TODAY()+45,"Expiring Soon","Active"))) | I2: Sample row — SAMPLE, verify against real renewal
A3: EPLAN Electric P8 | B3: EPLAN Software | C3: Floating | D3: 6 | E3: 4 | F3: 46578 | G3: 339000 | H3: =IF($F3="","",IF($F3<TODAY(),"Expired",IF($F3<=TODAY()+45,"Expiring Soon","Active"))) | I3: Sample row — SAMPLE, verify against real renewal
A4: TIA Portal V18 | B4: Siemens | C4: Perpetual + SUS | D4: 12 | E4: 6 | F4: 46289 | G4: 236000 | H4: =IF($F4="","",IF($F4<TODAY(),"Expired",IF($F4<=TODAY()+45,"Expiring Soon","Active"))) | I4: Sample row — SAMPLE, verify against real renewal

Sheet NewPartRequest
A1: SrNo | B1: RequestNo | C1: RequesterName | D1: Category | E1: SubCategory | F1: PlantCode | G1: PartName | H1: MakeBrand | I1: ModelNo | J1: OtherSpecs | K1: Remarks | L1: UOM | M1: HSNCode | N1: Status | O1: DateRaised
A2: 1 | B2: SAMPLE-NPR-00001 | C2: Sample Engineer | D2: Electrical | E2: Connector | F2: SAMPLE-PLANT | G2: SAMPLE — delete this row | H2: TE Connectivity | I2: AMP-1-967640-1 | J2: 2 way, black | K2: Sample row so the tab is never empty | L2: NO | M2: SAMPLE-HSN | N2: DRAFT | O2: 46282.5

Sheet Invoice
A1: InvoiceNo | B1: InvoiceDate | C1: ToName | D1: CCName | E1: FromName | F1: FromExt | G1: FromMobile | H1: HarnessPartNos | I1: JobDescription | J1: BusinessUnit | K1: BUContact | L1: CostCentre | M1: ApplicationDesc | N1: DetailsOfRequest | O1: NoOfCircuits | P1: DCContact | Q1: DCMobile | R1: JobReceived | S1: StartDate | T1: CompletionDate | U1: MaterialCost | V1: AssemblyCost | W1: TransportCost | X1: TotalCost | Y1: RefRequest | Z1: ImagePath | AA1: Status | AB1: Notes
A2: SAMPLE-INV | B2: 46023.5 | C2: SAMPLE | D2: SAMPLE | E2: SAMPLE | F2: SAMPLE | G2: SAMPLE | H2: SAMPLE | I2: SAMPLE | J2: SAMPLE | K2: SAMPLE | L2: SAMPLE | M2: SAMPLE | N2: SAMPLE row (keeps column types) | O2: 1 | P2: SAMPLE | Q2: SAMPLE | R2: 46023.5 | S2: 46023.5 | T2: 46023.5 | U2: 0.5 | V2: 0.5 | W2: 200.5 | X2: 1.5 | Y2: SAMPLE | Z2: SAMPLE | AA2: SAMPLE | AB2: SAMPLE

Sheet OngoingPurchase
A1: PartNo | B1: Description | C1: QtyRequired | D1: QtyConfirmed | E1: RequestNo | F1: RaisedBy | G1: PRNumber | H1: SupplierNo | I1: SupplierName | J1: Stage | K1: DateRaised | L1: ExpectedDate | M1: Notes
A2: SAMPLE | B2: SAMPLE row (keeps column types) | C2: 1.5 | D2: 0.5 | E2: SAMPLE | F2: SAMPLE | G2: SAMPLE-PR | H2: SAMPLE | I2: SAMPLE | J2: RECEIVED | K2: 46023.5 | L2: 46023.5 | M2: SAMPLE

Sheet Calibration
A1: AssetNo | B1: AssetName | C1: Location | D1: LastCalDate | E1: IntervalMonths | F1: DueDate | G1: Owner | H1: Status | I1: Notes
A2: SAMPLE | B2: SAMPLE row (keeps column types) | C2: SAMPLE | D2: 46023.5 | E2: 12 | F2: 46023.5 | G2: SAMPLE | H2: SAMPLE | I2: SAMPLE

Sheet Requests
A1: RequestNo | B1: Kind | C1: Status | D1: RaisedByEmail | E1: RaisedByName | F1: DateRaised | G1: Machine | H1: ProjectCode | I1: HarnessPartNo | J1: BuildStage | K1: BusinessUnit | L1: CostCentre | M1: BUContact | N1: DCContact | O1: NoOfCircuits | P1: RequiredBy | Q1: ScopeOfWork | R1: ParentRequest | S1: LastUpdated | T1: LastUpdatedBy | U1: History
A2: SAMPLE-REQ-00000 | B2: SAMPLE | C2: COMPLETED | D2: sample@jcb.com | E2: SAMPLE row (keeps column types) | F2: 46023.5 | G2: SAMPLE | H2: SAMPLE | I2: SAMPLE | J2: Proto | K2: SAMPLE | L2: SAMPLE | M2: SAMPLE | N2: SAMPLE | O2: 1 | P2: 46023.5 | Q2: SAMPLE row - Power Apps ignores rows whose key starts with SAMPLE. Do not delete. | R2: SAMPLE | S2: 2026-01-01T12:00:00 | T2: SAMPLE | U2: []

Sheet RequestLines
A1: RequestNo | B1: Sr | C1: PartNo | D1: Description | E1: QtyRequested | F1: QtyReserved | G1: QtyReleased | H1: UOM | I1: LineStatus | J1: UnitCost | K1: StoreLocation | L1: Remarks
A2: SAMPLE-REQ-00000 | B2: 1 | C2: SAMPLE | D2: SAMPLE row (keeps column types) | E2: 1.5 | F2: 0.5 | G2: 0.5 | H2: NO | I2: COMPLETED | J2: 0.5 | K2: SAMPLE | L2: SAMPLE

Sheet POWER APPS
B1: THIS COPY IS FOR THE POWER APPS VERSION OF THE PORTAL
B3: Keep it on OneDrive for Business or a SharePoint document library. Power Apps reads and writes it through the
B4: Excel Online (Business) connector. It is a separate file from the one the HTA uses on the lab PC.
B6: Rows whose first column starts with SAMPLE are there on purpose: Power Apps works out whether a column holds
B7: text, numbers or dates from the data in it, and an empty table makes every column text. The app ignores
B8: every SAMPLE row. Leave them in.
B10: Users has an extra Email column on the right. Leave it blank if each person's Username is the part of their
B11: email address before the @ (gaurav.shelke for gaurav.shelke@jcb.com). Fill it only when that is not true.
B13: When Power Apps first connects it adds a hidden __PowerAppsId__ column to each table. That is normal.
B15: ROLES: one person can hold several roles. Write them in the Role cell separated by commas, for example
B16: 'Engineer, Manager'. The first one is the usual role. Lab Lead and Lab Admin can view every role.
B18: DATA HEALTH: the three Excel* rows at the bottom of Settings are formulas. Leave them; the app compares them
B19: with what it read (About > Data Health).
